country,1960,1961,1962,1963,1964,1965,1966,1967,1968,1969,1970,1971,1972,1973,1974,1975,1976,1977,1978,1979,1980,1981,1982,1983,1984,1985,1986,1987,1988,1989,1990,1991,1992,1993,1994,1995,1996,1997,1998,1999,2000,2001,2002,2003,2004,2005,2006,2007,2008,2009,2010,2011,2012,2013,2014,2015,2016,2017,2018,2019,2020,2021,2022,2023
Aruba,,,,,,,,,,,,,,,,,,,,,,,,,,,1.68B,1.95B,2.31B,2.59B,2.69B,2.91B,3.08B,3.3B,3.57B,3.66B,3.71B,3.97B,4.05B,4.1B,4.41B,4.59B,4.55B,4.6B,4.94B,4.92B,4.97B,5.13B,5.22B,4.61B,4.48B,4.64B,4.59B,4.88B,4.81B,4.78B,4.86B,5.2B,5.32B,5.2B,3.95B,5.05B,5.57B,
Afghanistan,,,,,,,,,,,,,,,,,,,,,,,,,,,,,,,,,,,,,,,,,418B,379B,487B,530B,538B,598B,630B,717B,745B,905B,1.03TR,1.04TR,1.17TR,1.24TR,1.27TR,1.29TR,1.32TR,1.35TR,1.37TR,1.42TR,1.39TR,1.1TR,1.03TR,
Angola,,,,,,,,,,,,,,,,,,,,,414B,396B,396B,412B,437B,452B,465B,484B,514B,514B,497B,502B,472B,359B,364B,418B,475B,510B,533B,545B,562B,585B,665B,685B,760B,875B,976B,1.11TR,1.24TR,1.25TR,1.3TR,1.35TR,1.46TR,1.53TR,1.61TR,1.62TR,1.58TR,1.58TR,1.56TR,1.55TR,1.46TR,1.48TR,1.52TR,1.54TR
Albania,,,,,,,,,,,,,,,,,,,,,553B,585B,602B,609B,601B,612B,647B,641B,632B,695B,628B,452B,420B,460B,498B,564B,616B,548B,597B,674B,721B,780B,816B,861B,908B,959B,1.02TR,1.08TR,1.16TR,1.2TR,1.24TR,1.27TR,1.29TR,1.3TR,1.33TR,1.35TR,1.4TR,1.45TR,1.51TR,1.54TR,1.49TR,1.62TR,1.7TR,1.76TR
Andorra,,,,,,,,,,,764M,799M,864M,932M,984M,989M,1.02B,1.05B,1.07B,1.07B,1.09B,1.09B,1.1B,1.12B,1.14B,1.17B,1.21B,1.27B,1.34B,1.4B,1.46B,1.49B,1.51B,1.49B,1.53B,1.57B,1.64B,1.79B,1.85B,1.92B,1.99B,2.15B,2.25B,2.45B,2.65B,2.79B,2.92B,2.97B,2.8B,2.65B,2.6B,2.6B,2.47B,2.38B,2.44B,2.48B,2.57B,2.58B,2.62B,2.67B,2.38B,2.57B,2.82B,2.86B
UAE,,,,,,,,,,,52.9B,72.3B,101B,178B,203B,216B,252B,306B,301B,364B,451B,472B,440B,419B,436B,420B,358B,370B,360B,404B,478B,483B,499B,505B,540B,576B,609B,659B,661B,680B,754B,765B,783B,852B,934B,979B,1.08TR,1.11TR,1.15TR,1.09TR,1.1TR,1.17TR,1.19TR,1.25TR,1.3TR,1.39TR,1.47TR,1.48TR,1.5TR,1.52TR,1.44TR,1.51TR,1.62TR,1.68TR
Argentina,183B,193B,191B,181B,199B,220B,219B,226B,237B,260B,268B,283B,288B,296B,312B,312B,306B,327B,312B,344B,349B,331B,329B,343B,348B,330B,351B,360B,356B,331B,322B,352B,380B,411B,435B,423B,446B,482B,501B,484B,480B,459B,409B,445B,485B,528B,571B,622B,647B,609B,671B,711B,703B,720B,702B,721B,706B,726B,707B,693B,625B,692B,726B,715B
Armenia,,,,,,,,,,,,,,,,,,,,,,,,,,,,,,,2.61TR,2.3TR,1.34TR,1.22TR,1.29TR,1.38TR,1.46TR,1.51TR,1.62TR,1.67TR,1.77TR,1.94TR,2.19TR,2.5TR,2.76TR,3.15TR,3.56TR,4.05TR,4.33TR,3.72TR,3.8TR,3.98TR,4.27TR,4.41TR,4.57TR,4.71TR,4.72TR,5.08TR,5.34TR,5.75TR,5.33TR,5.64TR,6.35TR,6.9TR
American Samoa,,,,,,,,,,,,,,,,,,,,,,,,,,,,,,,,,,,,,,,,,,,725M,732M,735M,732M,702M,715M,696M,667M,669M,669M,640M,624M,635M,655M,644M,599M,615M,612M,639M,634M,645M,
Antigua and Barbuda,,,,,,,,,,,,,,,,,,1.06B,1.11B,1.19B,1.29B,1.34B,1.34B,1.41B,1.56B,1.67B,1.87B,1.99B,2.09B,2.2B,2.27B,2.32B,2.35B,2.47B,2.64B,2.52B,2.69B,2.83B,2.97B,3.08B,3.27B,3.12B,3.15B,3.34B,3.54B,3.77B,4.25B,4.64B,4.64B,4.08B,3.76B,3.69B,3.82B,3.79B,3.88B,3.93B,4.09B,4.19B,4.49B,4.63B,3.75B,4.06B,4.45B,4.62B
Australia,301B,308B,312B,332B,355B,376B,385B,409B,430B,461B,494B,513B,533B,547B,570B,577B,592B,614B,619B,644B,664B,686B,709B,693B,725B,763B,793B,814B,861B,894B,926B,922B,926B,964B,1TR,1.04TR,1.08TR,1.12TR,1.18TR,1.24TR,1.28TR,1.31TR,1.36TR,1.4TR,1.46TR,1.51TR,1.55TR,1.61TR,1.67TR,1.7TR,1.74TR,1.78TR,1.85TR,1.9TR,1.95TR,1.99TR,2.04TR,2.09TR,2.15TR,2.2TR,2.19TR,2.24TR,2.33TR,2.4TR
Austria,76B,80.2B,82.3B,85.7B,91B,94.1B,99.4B,102B,107B,114B,122B,128B,136B,143B,148B,148B,155B,162B,162B,171B,174B,173B,177B,182B,182B,187B,191B,194B,200B,208B,217B,224B,229B,230B,236B,242B,248B,253B,262B,271B,280B,284B,289B,291B,299B,306B,317B,329B,333B,321B,327B,336B,338B,339B,341B,344B,351B,359B,368B,373B,348B,363B,381B,377B
Azerbaijan,,,,,,,,,,,,,,,,,,,,,,,,,,,,,,,11.5B,11.4B,8.82B,6.78B,5.45B,4.8B,4.87B,5.15B,5.66B,6.08B,6.76B,7.43B,8.13B,8.96B,9.79B,12.5B,16.8B,21.1B,23.3B,25.5B,26.8B,26.8B,27.4B,29B,29.8B,30.1B,29.2B,29.2B,29.7B,30.4B,29.1B,30.7B,32.2B,32.5B
Burundi,443B,382B,417B,434B,461B,480B,502B,571B,569B,561B,681B,699B,655B,700B,695B,699B,755B,841B,834B,847B,856B,960B,950B,985B,987B,1.1TR,1.14TR,1.2TR,1.26TR,1.28TR,1.32TR,1.39TR,1.4TR,1.32TR,1.27TR,1.17TR,1.07TR,1.06TR,1.11TR,1.09TR,1.08TR,1.11TR,1.16TR,1.14TR,1.2TR,1.21TR,1.27TR,1.32TR,1.38TR,1.43TR,1.51TR,1.57TR,1.64TR,1.72TR,1.79TR,1.72TR,1.71TR,1.72TR,1.75TR,1.78TR,1.79TR,1.84TR,1.87TR,1.93TR
Belgium,96.1B,101B,106B,111B,118B,123B,127B,131B,137B,146B,155B,162B,170B,181B,189B,185B,196B,197B,203B,208B,217B,216B,217B,218B,223B,227B,231B,237B,248B,256B,264B,269B,273B,271B,280B,286B,290B,301B,307B,318B,330B,333B,339B,342B,355B,363B,372B,386B,388B,380B,391B,397B,400B,402B,408B,417B,422B,429B,437B,446B,423B,452B,466B,472B
Benin,976B,1.01TR,972B,1.02TR,1.09TR,1.14TR,1.18TR,1.2TR,1.24TR,1.28TR,1.31TR,1.29TR,1.37TR,1.42TR,1.47TR,1.4TR,1.41TR,1.48TR,1.5TR,1.59TR,1.7TR,1.87TR,1.91TR,1.83TR,1.98TR,2.12TR,2.17TR,2.14TR,2.21TR,2.15TR,2.34TR,2.44TR,2.51TR,2.66TR,2.71TR,2.88TR,3TR,3.17TR,3.3TR,3.47TR,3.68TR,3.87TR,4.05TR,4.19TR,4.38TR,4.45TR,4.63TR,4.91TR,5.15TR,5.27TR,5.38TR,5.54TR,5.8TR,6.22TR,6.62TR,6.73TR,6.96TR,7.35TR,7.84TR,8.38TR,8.71TR,9.33TR,9.91TR,10.5TR
Burkina Faso,690B,718B,762B,752B,769B,798B,802B,873B,900B,918B,919B,932B,954B,958B,1.04TR,1.07TR,1.16TR,1.16TR,1.22TR,1.26TR,1.27TR,1.33TR,1.45TR,1.46TR,1.43TR,1.55TR,1.68TR,1.67TR,1.77TR,1.81TR,1.8TR,1.96TR,1.97TR,2.03TR,2.06TR,2.18TR,2.42TR,2.57TR,2.76TR,2.96TR,3.02TR,3.22TR,3.36TR,3.62TR,3.78TR,4.11TR,4.37TR,4.55TR,4.81TR,4.95TR,5.37TR,5.73TR,6.1TR,6.45TR,6.73TR,7TR,7.41TR,7.87TR,8.39TR,8.89TR,9.06TR,9.69TR,9.87TR,10.2TR
Bangladesh,2.21TR,2.34TR,2.47TR,2.46TR,2.73TR,2.77TR,2.85TR,2.79TR,3.06TR,3.09TR,3.27TR,3.09TR,2.66TR,2.75TR,3.01TR,2.89TR,3.05TR,3.13TR,3.35TR,3.51TR,3.54TR,3.8TR,3.88TR,4.03TR,4.22TR,4.36TR,4.55TR,4.72TR,4.83TR,4.97TR,5.25TR,5.43TR,5.73TR,6TR,6.23TR,6.55TR,6.85TR,7.15TR,7.52TR,7.87TR,8.29TR,8.71TR,9.05TR,9.48TR,9.97TR,10.6TR,11.3TR,12.1TR,12.9TR,13.5TR,14.3TR,15.2TR,16.2TR,17.1TR,18.2TR,19.4TR,20.8TR,22.1TR,23.7TR,25.6TR,26.5TR,28.3TR,30.4TR,32.1TR
Bulgaria,,,,,,,,,,,,,,,,,,,,,53.6B,56.2B,57.5B,59.5B,61.5B,63.2B,65.8B,69.8B,77.5B,74.9B,68.1B,62.3B,57.8B,57B,58B,59.7B,62.8B,53.9B,55.9B,51.2B,53.6B,55.6B,58.9B,62B,66B,70.7B,75.5B,80.5B,85.5B,82.6B,83.9B,85.6B,86.3B,85.8B,86.6B,89.6B,92.3B,94.8B,97.4B,101B,97.3B,105B,109B,111B
Bahrain,,,,,,,,,,,1.39B,1.41B,1.57B,1.78B,1.93B,1.76B,2.3B,2.6B,2.7B,2.79B,2.87B,2.71B,2.51B,2.67B,2.8B,2.67B,2.7B,2.98B,3.19B,3.2B,3.34B,3.72B,3.97B,4.48B,4.47B,4.64B,4.83B,4.98B,5.22B,5.45B,5.74B,5.88B,6.08B,6.46B,6.91B,7.38B,7.85B,8.51B,9.04B,9.27B,9.67B,9.86B,10.2B,10.8B,11.3B,11.6B,12B,12.4B,12.7B,13B,12.4B,12.7B,13.3B,13.7B
Bahamas,2.26B,2.5B,2.76B,3.05B,3.38B,3.73B,4.07B,4.46B,4.83B,5.26B,4.97B,5.05B,4.87B,5.24B,4.36B,3.72B,3.91B,4.27B,4.87B,6.15B,6.54B,5.94B,6.34B,6.57B,7.5B,7.86B,8B,8.24B,8.43B,9B,8.85B,8.48B,8.16B,8.18B,8.44B,8.81B,9.18B,9.3B,9.74B,10.4B,10.9B,11.2B,11.5B,11.3B,11.4B,11.8B,12.1B,12.3B,12B,11.5B,11.7B,11.7B,12.1B,11.7B,12B,12.1B,12B,12.3B,12.6B,12.4B,9.78B,11.3B,12.5B,12.8B
Bosnia and Herzegovina,,,,,,,,,,,,,,,,,,,,,,,,,,,,,,,6.21B,5.63B,5.26B,5.15B,5.72B,6.64B,10.2B,14B,16.3B,17.9B,18.8B,19.3B,20.3B,21B,22.4B,23.2B,24.5B,25.9B,27.3B,26.5B,26.8B,27B,26.8B,27.4B,27.7B,28.9B,29.9B,30.8B,32B,32.9B,31.9B,34.3B,35.8B,36.4B
Belarus,,,,,,,,,,,,,,,,,,,,,,,,,,,,,,,61.9B,61.2B,55.3B,51.1B,45.1B,40.4B,41.5B,46.3B,50.2B,51.9B,54.9B,57.5B,60.4B,64.6B,72B,78.8B,86.7B,94.1B,104B,104B,112B,118B,120B,121B,123B,119B,116B,119B,122B,124B,123B,126B,120B,125B
Belize,285M,299M,313M,329M,345M,362M,380M,398M,428M,449M,471M,490M,540M,569M,646M,669M,669M,712M,769M,826M,937M,948M,947M,927M,945M,955M,998M,1.11B,1.21B,1.37B,1.5B,1.68B,1.89B,2.01B,2.01B,2.02B,2.04B,2.13B,2.21B,2.42B,2.72B,2.85B,3.01B,3.3B,3.46B,3.53B,3.69B,3.82B,3.76B,3.74B,3.79B,3.77B,3.91B,4.09B,4.25B,4.39B,4.39B,4.31B,4.35B,4.54B,3.91B,4.61B,5.02B,5.24B
Bermuda,1.59B,1.66B,1.74B,1.76B,1.95B,2.04B,2.34B,2.65B,2.7B,2.8B,2.97B,3.07B,3.13B,3.18B,3.2B,3.33B,3.62B,3.84B,3.89B,3.98B,4.29B,4.39B,4.16B,4.24B,4.26B,4.18B,4.46B,4.63B,4.81B,4.83B,4.84B,4.66B,4.66B,4.8B,4.83B,5.04B,5.17B,5.41B,5.62B,5.81B,6.36B,6.81B,6.71B,6.94B,7.1B,7.22B,7.62B,7.88B,7.73B,7.3B,7.11B,6.85B,6.48B,6.47B,6.23B,6.27B,6.23B,6.46B,6.43B,6.45B,6.01B,6.33B,6.74B,
Bolivia,6.1B,6.22B,6.57B,7.02B,7.3B,7.65B,8.2B,8.72B,9.47B,9.89B,10.4B,10.9B,11.8B,12.5B,12.8B,13.8B,14.4B,15.1B,15.5B,15.5B,15.3B,15.3B,14.7B,14.1B,14.1B,13.8B,13.5B,13.8B,14.2B,14.8B,15.4B,16.3B,16.5B,17.2B,18B,18.9B,19.7B,20.7B,21.7B,21.8B,22.4B,22.7B,23.3B,23.9B,24.9B,26B,27.3B,28.5B,30.3B,31.3B,32.6B,34.3B,36B,38.5B,40.6B,42.6B,44.4B,46.2B,48.2B,49.3B,45B,47.7B,49.4B,50.6B
Brazil,430B,467B,498B,501B,518B,530B,566B,590B,647B,709B,782B,871B,975B,1.11TR,1.2TR,1.26TR,1.39TR,1.46TR,1.54TR,1.64TR,1.79TR,1.71TR,1.73TR,1.68TR,1.77TR,1.91TR,2.05TR,2.12TR,2.12TR,2.19TR,2.09TR,2.11TR,2.1TR,2.21TR,2.34TR,2.43TR,2.49TR,2.57TR,2.58TR,2.59TR,2.71TR,2.74TR,2.83TR,2.86TR,3.03TR,3.12TR,3.25TR,3.44TR,3.62TR,3.61TR,3.89TR,4.04TR,4.12TR,4.24TR,4.26TR,4.11TR,3.98TR,4.03TR,4.1TR,4.15TR,4.02TR,4.21TR,4.33TR,4.46TR
Barbados,2.84B,3.06B,3.34B,3.17B,3.33B,3.71B,3.86B,4.27B,4.56B,4.9B,5.37B,5.58B,5.65B,5.73B,5.46B,5.36B,5.59B,5.79B,6.08B,6.56B,6.84B,6.71B,6.38B,6.42B,6.65B,6.72B,7.06B,7.25B,7.5B,7.77B,7.51B,7.22B,6.81B,6.86B,7B,7.14B,7.43B,7.78B,8.07B,8.1B,8.46B,8.26B,8.32B,8.5B,8.62B,8.96B,9.51B,9.7B,9.77B,9.28B,9.07B,9B,8.98B,8.86B,8.85B,9.07B,9.3B,9.35B,9.28B,9.31B,8.15B,8.05B,9.13B,9.55B
Brunei,,,,,,,,,,,,,,,9.65B,9.68B,11.6B,12.9B,13.8B,16.9B,15.7B,12.6B,13.1B,13.2B,13.2B,13B,12.7B,12.9B,13.1B,12.9B,13.1B,13.5B,14.1B,14.2B,14.6B,15.3B,15.7B,15.5B,15.4B,15.9B,16.3B,16.8B,17.4B,17.9B,18B,18.1B,18.9B,18.9B,18.5B,18.2B,18.7B,19.4B,19.6B,19.2B,18.7B,18.6B,18.1B,18.4B,18.4B,19.1B,19.3B,19B,18.7B,19B
Bhutan,,,,,,,,,,,8.73B,8.96B,9.07B,9.2B,9.68B,9.36B,10.2B,11B,11.8B,12.3B,13B,14.9B,15.4B,17.1B,17.8B,18.5B,20.7B,26.7B,27.9B,30B,33.1B,33B,34.5B,35.2B,36.9B,39.5B,41.7B,44B,46.6B,50.3B,52B,55.8B,61.6B,66.4B,69.8B,74.7B,78.9B,91.6B,95.7B,103B,115B,125B,131B,133B,141B,150B,163B,169B,175B,185B,166B,173B,182B,
Botswana,2.3B,2.45B,2.61B,2.77B,2.96B,3.13B,3.33B,3.53B,3.9B,4.49B,5.26B,6.61B,8.36B,10.1B,11B,12B,13.2B,14.8B,16.9B,19B,21.3B,23.2B,26B,29.5B,32B,34.3B,37.1B,41.5B,49.5B,56B,59.8B,64.2B,66.1B,67.4B,69.8B,74.7B,79.1B,85.7B,86.1B,94.4B,96.3B,96.5B,102B,107B,110B,115B,125B,132B,136B,117B,129B,137B,137B,153B,161B,153B,164B,171B,178B,184B,168B,188B,198B,203B
Central African Republic,377B,395B,381B,378B,386B,390B,392B,410B,416B,446B,456B,461B,461B,470B,500B,502B,529B,549B,556B,542B,518B,510B,549B,505B,552B,574B,595B,565B,575B,586B,574B,571B,534B,536B,562B,602B,578B,609B,638B,661B,644B,673B,697B,660B,699B,705B,739B,773B,789B,857B,896B,934B,981B,624B,625B,652B,683B,714B,741B,764B,770B,778B,782B,789B
Canada,353B,365B,392B,412B,440B,468B,499B,515B,540B,568B,584B,608B,641B,685B,708B,718B,761B,788B,817B,848B,866B,896B,867B,889B,942B,986B,1.01TR,1.05TR,1.09TR,1.12TR,1.12TR,1.1TR,1.11TR,1.14TR,1.19TR,1.22TR,1.24TR,1.3TR,1.35TR,1.41TR,1.49TR,1.52TR,1.56TR,1.59TR,1.64TR,1.69TR,1.74TR,1.77TR,1.79TR,1.74TR,1.79TR,1.85TR,1.88TR,1.92TR,1.98TR,1.99TR,2.01TR,2.07TR,2.13TR,2.17TR,2.06TR,2.17TR,2.25TR,2.28TR
Channel Islands,,,,,,,,,,,,,,,,,,,,,,,,,,,,,,,,,,,,,,,,,,,,,,,,,,,,,,,,,7.46B,7.65B,7.81B,8B,7.32B,8.45B,9.11B,
Switzerland,205B,221B,232B,243B,256B,261B,268B,276B,286B,302B,321B,334B,345B,355B,361B,334B,330B,338B,339B,348B,364B,369B,364B,367B,378B,392B,399B,405B,419B,437B,453B,449B,448B,448B,454B,456B,458B,468B,482B,490B,510B,518B,518B,517B,531B,546B,568B,590B,607B,593B,612B,623B,631B,642B,657B,668B,682B,691B,711B,719B,704B,742B,761B,766B
Chile,19.5TR,20.5TR,21.4TR,22.6TR,23.2TR,23.4TR,26TR,27TR,27.9TR,29TR,29.6TR,32.4TR,32TR,30.4TR,31.1TR,27.1TR,28.2TR,31.1TR,33.5TR,36.3TR,39.2TR,41.8TR,37.2TR,35.3TR,36.8TR,38.2TR,40.3TR,42.9TR,46TR,50.6TR,52.3TR,56.4TR,62.7TR,66.8TR,70.2TR,76.4TR,81.6TR,87.7TR,91.3TR,91.1TR,95.6TR,98.6TR,102TR,107TR,114TR,120TR,128TR,134TR,139TR,138TR,146TR,155TR,164TR,170TR,173TR,177TR,180TR,182TR,189TR,191TR,179TR,199TR,203TR,204TR
China,1.1TR,801B,757B,835B,986B,1.15TR,1.28TR,1.2TR,1.15TR,1.35TR,1.61TR,1.72TR,1.79TR,1.93TR,1.97TR,2.14TR,2.11TR,2.27TR,2.53TR,2.72TR,2.93TR,3.08TR,3.36TR,3.72TR,4.29TR,4.86TR,5.3TR,5.92TR,6.58TR,6.86TR,7.12TR,7.78TR,8.89TR,10.1TR,11.4TR,12.7TR,14TR,15.2TR,16.4TR,17.7TR,19.2TR,20.8TR,22.7TR,25TR,27.5TR,30.7TR,34.6TR,39.5TR,43.3TR,47.3TR,52.4TR,57.4TR,61.9TR,66.7TR,71.7TR,76.7TR,82TR,87.7TR,93.6TR,99.1TR,101TR,110TR,113TR,119TR
Cote d'Ivoire,3.25TR,3.57TR,3.61TR,4.14TR,4.87TR,4.71TR,5.26TR,5.5TR,6.19TR,6.78TR,7.49TR,8.2TR,8.54TR,9.05TR,9.44TR,10.2TR,11.5TR,12.4TR,13.7TR,14.1TR,12.5TR,13TR,13TR,12.5TR,12.1TR,12.7TR,13.1TR,13.1TR,13.2TR,13.6TR,13.4TR,13.5TR,13.4TR,13.4TR,13.5TR,14.5TR,15.6TR,17.1TR,17.8TR,18TR,18TR,17.6TR,17.1TR,16.3TR,16.8TR,17TR,17.5TR,17.7TR,18.5TR,19.2TR,20.5TR,19.4TR,20.9TR,23.1TR,25.3TR,27.1TR,29TR,31.2TR,32.7TR,34.9TR,35.1TR,37.6TR,40TR,42.6TR
Cameroon,2.87TR,2.91TR,3TR,3.11TR,3.22TR,3.28TR,3.43TR,3.06TR,3.25TR,3.41TR,3.52TR,3.64TR,3.74TR,3.94TR,4.36TR,4.85TR,4.59TR,5.22TR,6.36TR,6.75TR,6.61TR,7.74TR,8.33TR,8.9TR,9.56TR,10.3TR,11TR,10.8TR,9.95TR,9.77TR,9.17TR,8.83TR,8.55TR,7.87TR,8.02TR,8.25TR,8.6TR,8.99TR,9.42TR,9.84TR,10.2TR,10.7TR,11.1TR,11.7TR,12.6TR,12.9TR,13.3TR,13.9TR,14.3TR,14.7TR,15.1TR,15.6TR,16.3TR,17.2TR,18.1TR,19.2TR,20TR,20.7TR,21.6TR,22.3TR,22.4TR,23.1TR,24TR,24.9TR
"Congo, Dem. Rep.",5.45TR,4.86TR,5.89TR,6.2TR,6.05TR,6.11TR,6.52TR,6.46TR,6.74TR,7.37TR,7.35TR,7.79TR,7.8TR,8.44TR,8.7TR,8.27TR,7.83TR,7.89TR,7.47TR,7.5TR,7.67TR,7.85TR,7.81TR,7.92TR,8.36TR,8.4TR,8.79TR,9.03TR,9.07TR,8.96TR,8.37TR,7.66TR,6.86TR,5.94TR,5.7TR,5.74TR,5.68TR,5.37TR,5.28TR,5.05TR,4.7TR,4.6TR,4.74TR,5.01TR,5.34TR,5.67TR,5.97TR,6.35TR,6.74TR,6.93TR,7.43TR,7.94TR,8.5TR,9.22TR,10.1TR,10.8TR,11TR,11.5TR,12.1TR,12.7TR,12.9TR,13.7TR,14.9TR,16.2TR
"Congo, Rep.",559B,605B,637B,611B,635B,658B,667B,681B,733B,788B,838B,903B,981B,1.06TR,1.15TR,1.23TR,1.25TR,1.13TR,1.21TR,1.32TR,1.56TR,1.83TR,2.27TR,2.4TR,2.56TR,2.53TR,2.36TR,2.37TR,2.41TR,2.47TR,2.49TR,2.55TR,2.62TR,2.59TR,2.45TR,2.55TR,2.66TR,2.64TR,2.74TR,2.67TR,2.87TR,2.98TR,3.12TR,3.14TR,3.25TR,3.51TR,3.79TR,3.54TR,3.76TR,4.2TR,4.61TR,4.71TR,5.18TR,5.15TR,5.49TR,5.51TR,5.03TR,4.75TR,4.64TR,4.69TR,4.4TR,4.44TR,4.51TR,4.6TR
Colombia,83.9TR,88.2TR,93TR,96TR,102TR,106TR,111TR,116TR,123TR,130TR,138TR,146TR,158TR,168TR,178TR,182TR,191TR,199TR,215TR,227TR,236TR,242TR,244TR,248TR,256TR,264TR,279TR,294TR,306TR,317TR,330TR,337TR,351TR,369TR,391TR,411TR,420TR,434TR,437TR,418TR,431TR,438TR,449TR,466TR,491TR,515TR,549TR,586TR,606TR,613TR,640TR,685TR,711TR,748TR,782TR,805TR,821TR,833TR,854TR,881TR,818TR,906TR,972TR,978TR
Comoros,,,,,,,,,,,,,,,,,,,,,151B,157B,167B,175B,183B,187B,190B,193B,199B,192B,202B,191B,207B,214B,202B,210B,207B,215B,218B,222B,246B,252B,258B,263B,268B,276B,283B,286B,297B,307B,318B,331B,342B,357B,365B,369B,381B,396B,410B,417B,416B,425B,435B,447B
Cape Verde,,,,,,,,,,,,,,,,,,,,,18.7B,20.3B,20.8B,22.8B,23.7B,25.7B,26.5B,27.6B,29.3B,30.9B,31.2B,31.6B,35.1B,38.1B,45.4B,51.9B,57.8B,64.2B,72.2B,80.3B,91.8B,93.8B,98.8B,103B,113B,121B,131B,151B,161B,159B,162B,168B,170B,171B,172B,174B,181B,190B,197B,210B,167B,178B,209B,220B
Costa Rica,2.69TR,2.74TR,2.89TR,3.08TR,3.2TR,3.46TR,3.7TR,3.91TR,4.24TR,4.47TR,4.81TR,5.14TR,5.56TR,5.98TR,6.32TR,6.45TR,6.8TR,7.41TR,7.87TR,8.26TR,8.33TR,8.14TR,7.54TR,7.76TR,8.38TR,8.44TR,8.91TR,9.34TR,9.66TR,10.2TR,10.6TR,10.8TR,11.8TR,12.6TR,13.2TR,13.8TR,13.9TR,14.7TR,15.8TR,16.4TR,17.1TR,17.7TR,18.3TR,19TR,19.9TR,20.7TR,22.2TR,24TR,25.2TR,24.9TR,26.3TR,27.4TR,28.8TR,29.5TR,30.5TR,31.6TR,33TR,34.3TR,35.2TR,36.1TR,34.6TR,37.3TR,39TR,41TR
Cuba,,,,,,,,,,,14.5B,15.7B,16.5B,17B,17.2B,18.8B,19.8B,21.6B,23B,23.2B,22.1B,26.5B,28.8B,30.4B,32.8B,33.3B,33.4B,32.6B,33.8B,34B,33B,29.5B,26.1B,22.2B,22.3B,22.9B,24.7B,25.4B,25.4B,27B,28.6B,29.5B,29.9B,31B,32.8B,36.5B,40.9B,43.9B,45.7B,46.4B,47.5B,48.8B,50.3B,51.6B,52.2B,54.5B,54.8B,55.8B,57B,56.9B,50.7B,51.3B,52.2B,
Cayman Islands,,,,,,,,,,,,,,,,,,,,,,,,,,,,,,,,,,,,,,,,,,,,,,,3.86B,3.98B,3.97B,3.68B,3.58B,3.63B,3.67B,3.72B,3.82B,3.92B,4.05B,4.18B,4.36B,4.53B,4.3B,4.52B,4.75B,
Cyprus,,,,,,,,,,,,,,,,2.79B,3.35B,3.9B,4.2B,4.62B,4.88B,5.01B,5.31B,5.6B,6.1B,6.39B,6.63B,7.1B,7.71B,8.32B,8.94B,9.01B,9.85B,9.92B,10.5B,11.4B,11.5B,11.8B,12.6B,13.2B,14B,14.5B,15.1B,15.5B,16.2B,17B,17.8B,18.7B,19.4B,19B,19.5B,19.5B,18.9B,17.6B,17.3B,17.9B,19.1B,20.2B,21.3B,22.5B,21.7B,23.9B,25.1B,25.7B
Czech Republic,,,,,,,,,,,,,,,,,,,,,,,,,,,,,,,2.96TR,2.61TR,2.6TR,2.6TR,2.68TR,2.85TR,2.97TR,2.96TR,2.95TR,2.99TR,3.11TR,3.2TR,3.25TR,3.37TR,3.53TR,3.76TR,4.02TR,4.24TR,4.35TR,4.15TR,4.25TR,4.33TR,4.29TR,4.29TR,4.39TR,4.63TR,4.74TR,4.99TR,5.15TR,5.3TR,5.01TR,5.19TR,5.31TR,5.3TR
Germany,820B,855B,894B,919B,980B,1.03TR,1.06TR,1.06TR,1.12TR,1.2TR,1.26TR,1.3TR,1.36TR,1.42TR,1.43TR,1.42TR,1.49TR,1.54TR,1.59TR,1.65TR,1.68TR,1.69TR,1.68TR,1.71TR,1.75TR,1.79TR,1.84TR,1.86TR,1.93TR,2.01TR,2.11TR,2.22TR,2.26TR,2.24TR,2.29TR,2.33TR,2.35TR,2.39TR,2.44TR,2.48TR,2.56TR,2.6TR,2.59TR,2.58TR,2.61TR,2.62TR,2.72TR,2.81TR,2.83TR,2.67TR,2.78TR,2.89TR,2.9TR,2.92TR,2.98TR,3.03TR,3.09TR,3.18TR,3.21TR,3.24TR,3.12TR,3.22TR,3.27TR,3.26TR
Djibouti,,,,,,,,,,,,,,,,,,,,,,,,,,,,,,,,,,,,,,,,,,,,,,,,,,,,,,363B,389B,418B,448B,472B,495B,522B,529B,553B,574B,612B
Dominica,,,,,,,,,,,,,,,,,,465M,514M,420M,476M,527M,549M,563M,587M,595M,637M,678M,731M,729M,769M,779M,795M,812M,812M,837M,863M,882M,915M,918M,940M,939M,913M,971M,1B,1.01B,1.05B,1.12B,1.2B,1.19B,1.19B,1.19B,1.18B,1.17B,1.22B,1.19B,1.22B,1.14B,1.18B,1.25B,1.04B,1.11B,1.17B,1.23B
Denmark,558B,593B,627B,631B,690B,721B,741B,782B,825B,879B,893B,920B,956B,995B,984B,970B,1.03TR,1.05TR,1.07TR,1.11TR,1.11TR,1.1TR,1.14TR,1.17TR,1.22TR,1.27TR,1.33TR,1.33TR,1.33TR,1.34TR,1.36TR,1.38TR,1.41TR,1.41TR,1.48TR,1.52TR,1.57TR,1.62TR,1.66TR,1.71TR,1.77TR,1.78TR,1.79TR,1.8TR,1.85TR,1.89TR,1.96TR,1.98TR,1.97TR,1.87TR,1.91TR,1.94TR,1.94TR,1.96TR,1.99TR,2.04TR,2.1TR,2.16TR,2.2TR,2.24TR,2.18TR,2.33TR,2.4TR,2.44TR
Dominican Republic,133B,130B,152B,162B,173B,152B,172B,178B,178B,198B,234B,259B,286B,323B,342B,360B,384B,403B,412B,431B,465B,485B,493B,516B,522B,511B,529B,583B,596B,622B,588B,593B,660B,709B,727B,768B,814B,887B,946B,1TR,1.05TR,1.07TR,1.12TR,1.11TR,1.14TR,1.24TR,1.36TR,1.46TR,1.51TR,1.52TR,1.65TR,1.7TR,1.74TR,1.83TR,1.96TR,2.09TR,2.23TR,2.34TR,2.5TR,2.63TR,2.45TR,2.75TR,2.88TR,2.95TR
Algeria,3.11TR,2.69TR,2.16TR,2.9TR,3.07TR,3.26TR,3.11TR,3.4TR,3.77TR,4.08TR,4.45TR,3.94TR,5.02TR,5.22TR,5.61TR,5.89TR,6.38TR,6.72TR,7.34TR,7.89TR,7.95TR,8.19TR,8.71TR,9.18TR,9.7TR,10.1TR,10.1TR,10TR,9.92TR,10.4TR,10.4TR,10.3TR,10.5TR,10.3TR,10.2TR,10.6TR,11TR,11.1TR,11.7TR,12.1TR,12.5TR,12.9TR,13.6TR,14.5TR,15.1TR,16TR,16.4TR,16.9TR,17.4TR,17.6TR,18.4TR,19TR,19.4TR,19.9TR,20.7TR,21.4TR,22.2TR,22.6TR,22.9TR,23.1TR,21.9TR,22.8TR,23.6TR,24.6TR
Ecuador,11.4B,12B,12.6B,12.9B,13.8B,14.3B,14.2B,14.9B,15.2B,15.9B,17B,18B,18.9B,21.6B,24B,26.6B,28.6B,29B,30.7B,31.8B,33B,34.9B,35.1B,35B,35.9B,37.3B,38.6B,38.5B,40.8B,41.2B,42.7B,44.5B,45.5B,46.4B,48.3B,49.4B,50.3B,52.4B,54.2B,51.6B,52.2B,54.4B,57B,58.7B,62.7B,66.1B,68.9B,70.2B,74.9B,75.7B,78.7B,85.4B,90.3B,96.9B,101B,101B,100B,106B,107B,108B,97.7B,107B,114B,117B
Egypt,351B,369B,383B,423B,472B,495B,520B,525B,516B,543B,574B,597B,615B,637B,647B,705B,798B,870B,945B,988B,1.09TR,1.17TR,1.28TR,1.35TR,1.48TR,1.57TR,1.64TR,1.7TR,1.8TR,1.88TR,1.99TR,2.01TR,2.1TR,2.16TR,2.25TR,2.35TR,2.47TR,2.61TR,2.75TR,2.92TR,3.11TR,3.21TR,3.29TR,3.4TR,3.54TR,3.69TR,3.95TR,4.23TR,4.53TR,4.74TR,4.98TR,5.07TR,5.19TR,5.3TR,5.45TR,5.69TR,5.94TR,6.19TR,6.52TR,6.88TR,7.12TR,7.36TR,7.84TR,8.14TR
Eritrea,,,,,,,,,,,,,,,,,,,,,,,,,,,,,,,,,16.3B,18.5B,22.4B,23B,25.2B,27.1B,27.6B,27.6B,26.8B,29.1B,30B,29.2B,29.6B,30.4B,30.1B,30.5B,27.5B,28.6B,29.2B,31.7B,,,,,,,,,,,,
Spain,171B,191B,210B,230B,242B,257B,276B,288B,307B,334B,349B,365B,394B,425B,449B,452B,466B,480B,487B,487B,498B,497B,503B,512B,521B,533B,551B,581B,611B,640B,665B,681B,688B,681B,697B,716B,735B,762B,796B,832B,875B,910B,935B,962B,992B,1.03TR,1.07TR,1.11TR,1.12TR,1.08TR,1.08TR,1.07TR,1.04TR,1.02TR,1.04TR,1.08TR,1.11TR,1.14TR,1.17TR,1.19TR,1.06TR,1.13TR,1.19TR,1.22TR
Estonia,,,,,,,,,,,,,,,,,,,,,,,,,,,,,,,13.1B,12.1B,9.54B,8.99B,8.84B,9.24B,9.7B,11B,11.4B,11.4B,12.5B,13.3B,14.2B,15.3B,16.3B,17.9B,19.6B,21.1B,20B,17.1B,17.5B,18.8B,19.4B,19.7B,20.3B,20.6B,21.3B,22.5B,23.4B,24.3B,24.1B,25.8B,25.7B,24.9B
Ethiopia,,117B,122B,127B,133B,140B,150B,156B,163B,165B,171B,182B,190B,200B,206B,209B,209B,215B,220B,218B,232B,242B,244B,265B,257B,228B,250B,285B,287B,286B,293B,272B,249B,282B,291B,308B,347B,357B,345B,363B,385B,417B,423B,414B,470B,526B,583B,650B,720B,783B,881B,980B,1.06TR,1.18TR,1.3TR,1.43TR,1.57TR,1.72TR,1.84TR,1.99TR,2.11TR,2.23TR,2.35TR,2.5TR
Finland,44.5B,47.9B,49.3B,50.9B,53.6B,56.4B,57.8B,59B,60.4B,66.2B,71.1B,72.8B,78.4B,83.9B,86.6B,88.2B,88.5B,88.7B,91.3B,97.8B,103B,104B,108B,111B,115B,119B,122B,126B,133B,140B,141B,132B,128B,127B,132B,138B,143B,152B,160B,167B,177B,181B,184B,188B,196B,201B,209B,220B,222B,204B,211B,216B,213B,211B,210B,211B,217B,224B,227B,230B,224B,231B,234B,231B
Fiji,1.77B,1.83B,1.9B,2.02B,2.12B,2.06B,2.06B,2.33B,2.52B,2.58B,2.91B,3.11B,3.35B,3.73B,3.83B,3.85B,3.96B,4.19B,4.27B,4.79B,4.71B,5.01B,4.71B,4.53B,4.91B,4.68B,5.04B,4.71B,4.75B,5.11B,5.4B,5.26B,5.58B,5.7B,5.99B,6.14B,6.43B,6.29B,6.37B,6.93B,6.81B,6.95B,7.17B,7.24B,7.63B,7.68B,7.82B,7.76B,7.84B,7.73B,7.96B,8.17B,8.29B,8.68B,9.17B,9.58B,9.81B,10.3B,10.7B,10.7B,8.85B,8.42B,10.1B,10.9B
France,470B,493B,527B,560B,597B,626B,659B,691B,722B,774B,821B,864B,903B,961B,1TR,992B,1.04TR,1.07TR,1.11TR,1.15TR,1.17TR,1.18TR,1.21TR,1.23TR,1.25TR,1.27TR,1.3TR,1.33TR,1.39TR,1.45TR,1.5TR,1.51TR,1.54TR,1.53TR,1.56TR,1.6TR,1.62TR,1.66TR,1.72TR,1.77TR,1.84TR,1.88TR,1.9TR,1.92TR,1.97TR,2.01TR,2.05TR,2.1TR,2.11TR,2.05TR,2.09TR,2.13TR,2.14TR,2.15TR,2.17TR,2.2TR,2.22TR,2.27TR,2.32TR,2.36TR,2.18TR,2.32TR,2.38TR,2.39TR
Faeroe Islands,,,,,,,,,,,,,,,,,,,,,,,,,,,,,,,,,,,,,,,,,,,,,,,,,13.8B,13.2B,13.1B,13.6B,14.6B,15.4B,16.2B,16.4B,16.6B,17.2B,17.7B,18.5B,18.1B,19.2B,20.2B,
"Micronesia, Fed. Sts.",,,,,,,,,,,77M,78.8M,79.6M,107M,123M,123M,123M,126M,134M,136M,127M,139M,135M,138M,132M,154M,167M,169M,173M,179M,186M,200M,208M,225M,223M,239M,231M,217M,224M,227M,238M,243M,244M,248M,240M,245M,245M,240M,235M,237M,243M,250M,246M,237M,231M,242M,243M,245M,245M,255M,250M,257M,255M,257M
Gabon,631B,724B,778B,825B,863B,935B,977B,1.02TR,1.04TR,1.13TR,1.22TR,1.35TR,1.5TR,1.66TR,2.31TR,2.75TR,3.73TR,3.26TR,2.48TR,2.49TR,2.55TR,2.68TR,2.6TR,2.75TR,2.95TR,2.89TR,2.86TR,2.37TR,2.68TR,2.9TR,3.06TR,3.24TR,3.14TR,3.27TR,3.39TR,3.56TR,3.68TR,3.9TR,4.03TR,3.67TR,3.6TR,3.68TR,3.67TR,3.75TR,3.78TR,3.88TR,3.77TR,4TR,3.86TR,3.87TR,4.14TR,4.44TR,4.67TR,4.93TR,5.15TR,5.35TR,5.46TR,5.48TR,5.53TR,5.75TR,5.64TR,5.72TR,5.89TR,6.03TR
Isle of Man,,,,,,,,,,,,,,,,,,,,,,,,,773M,776M,925M,1.02B,1.14B,1.21B,1.26B,1.29B,1.3B,1.33B,1.38B,1.44B,1.55B,1.69B,1.91B,2.18B,2.29B,2.42B,2.57B,2.72B,2.86B,3.03B,3.26B,3.51B,3.68B,3.76B,3.88B,3.96B,4.25B,4.43B,4.66B,4.64B,4.96B,5.1B,5.21B,5.23B,4.76B,4.95B,,
UK,519B,533B,539B,565B,597B,610B,619B,636B,671B,684B,703B,727B,759B,808B,788B,776B,799B,819B,853B,885B,867B,860B,877B,915B,935B,974B,1TR,1.06TR,1.12TR,1.15TR,1.16TR,1.14TR,1.15TR,1.18TR,1.22TR,1.25TR,1.29TR,1.35TR,1.4TR,1.44TR,1.5TR,1.54TR,1.57TR,1.62TR,1.65TR,1.7TR,1.74TR,1.79TR,1.78TR,1.7TR,1.74TR,1.76TR,1.78TR,1.82TR,1.87TR,1.92TR,1.95TR,2.01TR,2.03TR,2.07TR,1.85TR,2.01TR,2.1TR,2.1TR
Georgia,,,,,,18.9B,20.3B,21.5B,22.5B,23.6B,26.4B,27.1B,27.8B,29.6B,32.3B,34.6B,36.8B,39.3B,42.2B,45.3B,47.4B,49.9B,50.9B,53.1B,56B,58.7B,53.9B,54.6B,57.6B,53.5B,45.6B,36B,19.8B,14B,12.6B,12.9B,14.3B,15.8B,16.3B,16.8B,17.1B,17.9B,18.9B,21B,22.2B,24.3B,26.6B,30B,30.7B,29.6B,31.4B,33.9B,36.2B,38B,39.6B,40.9B,42.3B,44.5B,47.2B,49.7B,46.6B,51.6B,57.2B,61.5B
Ghana,20.3B,21B,21.8B,22.8B,23.3B,23.6B,22.6B,23.3B,23.4B,24.8B,27.2B,28.6B,27.9B,28.7B,30.7B,26.9B,25.9B,26.5B,28.7B,28B,28.2B,27.2B,25.3B,24.1B,26.2B,27.6B,29B,30.4B,32.1B,33.7B,34.8B,36.7B,38.1B,40B,41.3B,43B,45B,46.8B,49B,51.2B,53.1B,55.2B,57.7B,60.7B,64.1B,67.9B,72.2B,75.4B,82.3B,86.2B,93.1B,106B,116B,124B,128B,131B,135B,146B,155B,165B,166B,175B,181B,187B
Guinea,,,,,,,,,,,10.8TR,11.4TR,11.7TR,11.9TR,12.5TR,12.9TR,13.9TR,13.4TR,14.3TR,14.2TR,14.5TR,14.6TR,14.9TR,15.1TR,15.3TR,16TR,16.5TR,17.1TR,18.2TR,18.9TR,19.7TR,20.2TR,20.9TR,21.9TR,22.8TR,23.9TR,24.9TR,26.2TR,27.2TR,28.2TR,28.9TR,30TR,31.5TR,31.9TR,32.7TR,33.6TR,34TR,36.4TR,37.9TR,37.4TR,39.2TR,41.4TR,43.9TR,45.6TR,47.3TR,49.1TR,54.4TR,60TR,63.9TR,67.5TR,70.8TR,73.5TR,77TR,82.4TR
Gambia,,,,,,,9.33B,9.33B,10.2B,10.5B,11.1B,11.1B,11.1B,12.2B,12.9B,14.5B,15.6B,16.1B,17.1B,16.9B,17.9B,18.5B,18.4B,20.4B,21.1B,20.9B,21.8B,22.3B,23.3B,24.7B,25.6B,26.4B,27.3B,28.1B,28.1B,28.4B,29B,30.4B,31.5B,33.5B,35.4B,37.4B,36.2B,38.7B,41.4B,40.4B,40.2B,41.4B,44B,47B,49.7B,45.7B,48.1B,49.5B,48.8B,50.7B,51.7B,54.2B,58.2B,61.8B,62.1B,65.4B,68.6B,72.3B
Guinea-Bissau,,,,,,,,,,,183B,176B,187B,189B,198B,213B,224B,208B,235B,240B,202B,238B,248B,240B,262B,273B,270B,278B,291B,309B,328B,344B,348B,355B,367B,383B,427B,455B,353B,412B,417B,437B,453B,452B,457B,487B,500B,513B,536B,549B,580B,626B,616B,636B,642B,681B,717B,752B,780B,815B,827B,880B,917B,956B
Equatorial Guinea,,,,,,,,,,,,,,,,,,,,,66.9B,70.7B,72.3B,75.9B,76.7B,86.5B,84.5B,88.3B,90.6B,89.5B,87.9B,87B,117B,130B,152B,178B,297B,743B,920B,1.16TR,1.37TR,2.23TR,2.67TR,3.04TR,4.19TR,4.9TR,5.27TR,6.08TR,7.16TR,7.26TR,6.61TR,7.04TR,7.63TR,7.31TR,7.34TR,6.67TR,6.09TR,5.74TR,5.38TR,5.09TR,4.84TR,4.89TR,5.07TR,4.78TR
Greece,37.7B,42.6B,42.8B,47.8B,52.3B,58B,61.7B,65.2B,70B,78B,85B,91.7B,101B,109B,102B,109B,116B,119B,128B,132B,133B,131B,130B,128B,131B,134B,135B,132B,137B,143B,143B,147B,148B,146B,149B,152B,156B,163B,170B,175B,182B,189B,196B,208B,218B,220B,232B,240B,239B,229B,216B,194B,180B,176B,177B,176B,176B,177B,180B,184B,167B,181B,191B,194B
Grenada,,,,,,,,,,,,,,,,,,647M,682M,720M,716M,727M,757M,784M,812M,861M,923M,1.01B,1.04B,1.08B,1.12B,1.13B,1.12B,1.1B,1.12B,1.15B,1.2B,1.26B,1.4B,1.5B,1.57B,1.54B,1.6B,1.75B,1.73B,1.97B,1.89B,2B,2.02B,1.89B,1.88B,1.89B,1.87B,1.91B,2.05B,2.19B,2.27B,2.37B,2.47B,2.49B,2.15B,2.25B,2.41B,2.53B
Greenland,,,,,,,,,,,4.09B,4.62B,4.9B,5.24B,5.54B,5.57B,5.91B,6.43B,6.81B,7.14B,7.76B,7.82B,7.47B,7.73B,7.33B,7.6B,8.14B,8.58B,9.06B,9.67B,8.54B,8.53B,8.09B,7.68B,8.14B,8.44B,8.57B,8.7B,9.37B,9.5B,10.2B,10.3B,10.2B,10.7B,11.4B,12B,12.6B,12.9B,13.7B,13.8B,14.1B,14B,14.2B,14B,14.7B,14.3B,15B,15B,15.1B,15.5B,15.5B,15.7B,,
Guatemala,55.7B,58.1B,60.2B,65.9B,69B,72B,76B,79.1B,86B,90.1B,95.3B,101B,108B,115B,123B,125B,134B,145B,152B,159B,165B,166B,160B,156B,157B,156B,156B,162B,168B,175B,180B,187B,196B,203B,212B,222B,229B,239B,251B,260B,270B,276B,286B,294B,303B,313B,330B,351B,362B,364B,374B,390B,402B,416B,435B,453B,465B,479B,495B,515B,506B,547B,569B,589B
Guam,,,,,,,,,,,,,,,,,,,,,,,,,,,,,,,,,,,,,,,,,,,4.55B,4.59B,4.89B,5.07B,4.88B,4.92B,5.01B,5.04B,5.15B,5.16B,5.26B,5.35B,5.45B,5.5B,5.5B,5.55B,5.51B,5.65B,5.05B,5.16B,5.42B,
Guyana,320B,335B,339B,297B,331B,366B,385B,402B,406B,434B,453B,467B,452B,457B,492B,534B,542B,528B,518B,509B,518B,526B,456B,425B,404B,414B,410B,414B,398B,379B,367B,389B,419B,454B,492B,517B,558B,593B,583B,600B,592B,606B,612B,609B,618B,606B,637B,683B,695B,720B,750B,789B,830B,861B,875B,881B,915B,949B,991B,1.04TR,1.5TR,1.8TR,2.94TR,3.91TR
"Hong Kong, China",,109B,124B,144B,156B,179B,183B,186B,192B,214B,233B,250B,277B,311B,318B,320B,372B,415B,450B,501B,552B,603B,621B,658B,724B,729B,810B,919B,997B,1.02TR,1.06TR,1.12TR,1.19TR,1.26TR,1.34TR,1.37TR,1.43TR,1.5TR,1.41TR,1.45TR,1.56TR,1.57TR,1.59TR,1.64TR,1.79TR,1.92TR,2.05TR,2.19TR,2.23TR,2.18TR,2.32TR,2.44TR,2.48TR,2.55TR,2.63TR,2.69TR,2.75TR,2.85TR,2.93TR,2.88TR,2.69TR,2.87TR,2.76TR,2.85TR
Honduras,22.5B,23B,24.3B,25.2B,26.5B,28.9B,30.5B,32.3B,34.4B,34.6B,35.9B,37.3B,39.5B,42.6B,42.1B,43B,47.5B,52.4B,55.5B,58.7B,59B,58.3B,57.1B,57.6B,61.2B,64.7B,68.1B,72.7B,73.9B,75.9B,78.1B,75.5B,80.1B,85.3B,85.4B,90.7B,92.4B,96.7B,100B,99.4B,107B,110B,114B,119B,126B,134B,143B,152B,158B,154B,160B,166B,173B,178B,183B,190B,197B,207B,215B,221B,201B,226B,235B,244B
Croatia,,,,,,,,,,,,,,,,,,,,,,,,,,,,,,,42B,33.1B,29.3B,26.9B,28.5B,30.4B,32.3B,34.3B,35B,34.7B,35.8B,36.9B,39B,41.2B,42.9B,44.8B,47B,49.4B,50.4B,46.8B,46.2B,46.2B,45.1B,45B,44.8B,46B,47.7B,49.3B,50.7B,52.5B,48B,54.3B,58.1B,59.9B
Haiti,280B,271B,293B,287B,283B,289B,287B,281B,290B,301B,303B,323B,326B,341B,361B,365B,396B,410B,436B,469B,503B,489B,472B,476B,477B,480B,478B,474B,475B,461B,466B,475B,450B,425B,374B,411B,428B,440B,450B,462B,466B,464B,469B,485B,479B,494B,503B,526B,540B,572B,540B,567B,570B,595B,612B,620B,632B,647B,658B,647B,626B,614B,604B,593B
Hungary,5.79TR,6.06TR,6.43TR,6.8TR,7.12TR,10.1TR,10.9TR,11.7TR,12.3TR,13.1TR,13.7TR,14.6TR,15.5TR,16.5TR,17.5TR,18.6TR,19.3TR,20.7TR,21.7TR,22.2TR,22.3TR,22.9TR,23.6TR,23.7TR,24.4TR,24.3TR,24.7TR,25.7TR,25.7TR,25.9TR,25TR,22TR,21.3TR,21.2TR,21.8TR,22.1TR,22.2TR,22.9TR,23.8TR,24.5TR,25.6TR,26.6TR,27.9TR,29TR,30.5TR,31.8TR,33TR,33.1TR,33.5TR,31.2TR,31.6TR,32.2TR,31.8TR,32.3TR,33.7TR,35TR,35.7TR,37.3TR,39.3TR,41.2TR,39.3TR,42.1TR,44TR,43.6TR
Indonesia,551TR,582TR,593TR,580TR,600TR,607TR,624TR,632TR,701TR,749TR,806TR,862TR,923TR,998TR,1.07P,1.13P,1.21P,1.31P,1.40P,1.50P,1.65P,1.78P,1.82P,1.90P,2.03P,2.08P,2.20P,2.31P,2.44P,2.63P,2.82P,3.01P,3.21P,3.42P,3.67P,3.97P,4.29P,4.49P,3.90P,3.93P,4.12P,4.27P,4.46P,4.68P,4.91P,5.19P,5.48P,5.83P,6.18P,6.46P,6.86P,7.29P,7.73P,8.16P,8.56P,8.98P,9.43461E+15,9.91293E+15,1.04259E+16,1.09492E+16,1.0723E+16,1.11201E+16,1.17102E+16,1.23014E+16
India,7.37TR,7.64TR,7.87TR,8.34TR,8.96TR,8.73TR,8.72TR,9.4TR,9.72TR,10.4TR,10.9TR,11.1TR,11TR,11.4TR,11.5TR,12.6TR,12.8TR,13.7TR,14.5TR,13.7TR,14.6TR,15.5TR,16.1TR,17.2TR,17.9TR,18.8TR,19.7TR,20.5TR,22.5TR,23.8TR,25.1TR,25.4TR,26.8TR,28.1TR,29.9TR,32.2TR,34.6TR,36.1TR,38.3TR,41.7TR,43.3TR,45.4TR,47.1TR,50.8TR,54.8TR,59.1TR,63.9TR,68.8TR,70.9TR,76.5TR,83TR,87.4TR,92.1TR,98TR,105TR,114TR,123TR,131TR,140TR,145TR,137TR,150TR,161TR,173TR
Ireland,21.4B,22.5B,23.2B,24.3B,25.2B,25.7B,25.9B,27.4B,29.7B,31.4B,32.3B,33.4B,35.5B,37.2B,38.8B,41B,41.6B,45B,48.2B,49.7B,51.2B,52.9B,54.1B,54B,56.4B,58.1B,57.8B,60.5B,63.7B,67.4B,73.1B,74.5B,77B,79.1B,83.6B,91.7B,98.5B,109B,119B,131B,144B,151B,160B,165B,176B,187B,196B,206B,197B,187B,190B,193B,192B,195B,212B,264B,268B,293B,318B,335B,357B,411B,450B,435B
Iran,1.63P,1.80P,1.94P,2.08P,2.25P,2.64P,2.94P,3.27P,3.74P,4.32P,4.80P,5.45P,6.24P,6.71P,7.10P,7.08P,8.37P,8.14P,7.09P,6.24P,4.89P,4.61P,5.68P,6.31P,5.86P,5.97P,5.39P,5.38P,5.05P,5.36P,6.09P,6.86P,7.09P,6.98P,6.86P,7.03P,7.48P,7.58P,7.73P,7.89P,8.35P,8.55P,9.24138E+15,1.00398E+16,1.04752E+16,1.08093E+16,1.13497E+16,1.22754E+16,1.23062E+16,1.24302E+16,1.31509E+16,1.34988E+16,1.2993E+16,1.27952E+16,1.3433E+16,1.32416E+16,1.44089E+16,1.48064E+16,1.45342E+16,1.40879E+16,1.45571E+16,1.52442E+16,1.58199E+16,1.66033E+16
Iraq,7.72TR,8.28TR,8.66TR,8.87TR,10.2TR,11.3TR,11.8TR,10.8TR,12.9TR,13.3TR,13.9TR,14.7TR,15.2TR,15.9TR,18.5TR,20.8TR,24.3TR,24.8TR,29TR,35.1TR,43.8TR,43.4TR,44.9TR,39.1TR,38.5TR,39TR,40.9TR,44.7TR,44.6TR,43.3TR,68.3TR,24.5TR,32.5TR,42.4TR,44TR,45TR,49.9TR,60.5TR,81.6TR,96TR,112TR,114TR,105TR,66.4TR,102TR,104TR,109TR,111TR,121TR,125TR,133TR,143TR,163TR,175TR,175TR,184TR,209TR,205TR,211TR,222TR,195TR,198TR,213TR,207TR
Iceland,313B,313B,338B,373B,410B,440B,479B,473B,447B,457B,491B,556B,590B,630B,666B,670B,710B,773B,819B,859B,909B,947B,968B,947B,986B,1.02TR,1.08TR,1.17TR,1.17TR,1.18TR,1.19TR,1.19TR,1.15TR,1.16TR,1.2TR,1.21TR,1.26TR,1.33TR,1.43TR,1.49TR,1.56TR,1.63TR,1.64TR,1.67TR,1.8TR,1.91TR,2.03TR,2.2TR,2.25TR,2.08TR,2.02TR,2.06TR,2.08TR,2.18TR,2.21TR,2.31TR,2.46TR,2.56TR,2.68TR,2.73TR,2.54TR,2.68TR,2.91TR,3.03TR
Israel,71.7B,79.8B,87.9B,97.3B,105B,114B,114B,118B,137B,155B,167B,185B,208B,219B,233B,241B,242B,244B,258B,274B,278B,293B,299B,309B,312B,325B,339B,363B,373B,375B,403B,434B,468B,487B,523B,558B,591B,613B,638B,660B,717B,719B,718B,728B,763B,795B,839B,890B,919B,927B,979B,1.03TR,1.06TR,1.11TR,1.15TR,1.18TR,1.23TR,1.29TR,1.34TR,1.39TR,1.37TR,1.49TR,1.59TR,1.62TR
Italy,438B,474B,504B,532B,547B,564B,598B,641B,683B,725B,763B,777B,806B,863B,911B,892B,955B,980B,1.01TR,1.07TR,1.11TR,1.12TR,1.12TR,1.14TR,1.17TR,1.21TR,1.24TR,1.28TR,1.33TR,1.38TR,1.41TR,1.43TR,1.44TR,1.43TR,1.46TR,1.5TR,1.52TR,1.55TR,1.57TR,1.6TR,1.66TR,1.69TR,1.7TR,1.7TR,1.72TR,1.74TR,1.77TR,1.8TR,1.78TR,1.68TR,1.71TR,1.72TR,1.67TR,1.64TR,1.64TR,1.66TR,1.68TR,1.7TR,1.72TR,1.73TR,1.57TR,1.7TR,1.77TR,1.79TR
Jamaica,,,,,,,423B,431B,456B,481B,539B,552B,652B,616B,590B,589B,549B,535B,535B,529B,499B,512B,523B,533B,524B,509B,518B,559B,581B,623B,649B,681B,694B,759B,770B,788B,787B,778B,760B,768B,775B,785B,801B,830B,841B,849B,873B,886B,878B,840B,828B,842B,837B,842B,847B,855B,867B,876B,892B,900B,811B,848B,892B,912B
Jordan,,,,,,,,,,,,,,,,,4.12B,4.47B,5.12B,6.19B,6.88B,8.06B,8.63B,8.44B,8.8B,8.56B,9.03B,9.24B,9.38B,8.37B,8.35B,8.48B,9.7B,10.1B,10.6B,11.3B,11.5B,11.9B,12.3B,12.7B,13.2B,13.9B,14.7B,15.3B,16.7B,18B,19.5B,21.1B,22.6B,23.7B,24.3B,24.9B,25.5B,26.2B,27.1B,27.8B,28.3B,29B,29.6B,30.1B,29.8B,30.9B,31.6B,32.4B
Japan,72.1TR,80.8TR,88TR,95.4TR,107TR,113TR,125TR,139TR,156TR,176TR,177TR,185TR,201TR,217TR,214TR,221TR,229TR,239TR,252TR,266TR,273TR,285TR,294TR,305TR,319TR,335TR,346TR,362TR,386TR,405TR,425TR,440TR,444TR,442TR,446TR,458TR,473TR,477TR,471TR,470TR,483TR,484TR,485TR,492TR,503TR,512TR,519TR,527TR,520TR,491TR,511TR,511TR,518TR,528TR,530TR,538TR,542TR,551TR,555TR,552TR,530TR,543TR,548TR,559TR
Kazakhstan,,,,,,,,,,,,,,,,,,,,,,,,,,,,,,,6.68TR,5.94TR,5.63TR,5.11TR,4.47TR,4.1TR,4.12TR,4.19TR,4.11TR,4.22TR,4.63TR,5.26TR,5.78TR,6.31TR,6.92TR,7.59TR,8.4TR,9.15TR,9.45TR,9.57TR,10.3TR,11TR,11.6TR,12.2TR,12.8TR,12.9TR,13.1TR,13.6TR,14.1TR,14.8TR,14.4TR,15TR,15.5TR,16.3TR
Kenya,634B,585B,640B,696B,731B,746B,855B,884B,955B,1.03TR,983B,1.2TR,1.41TR,1.49TR,1.55TR,1.56TR,1.6TR,1.75TR,1.87TR,2.01TR,2.12TR,2.2TR,2.24TR,2.27TR,2.31TR,2.4TR,2.58TR,2.73TR,2.9TR,3.04TR,3.16TR,3.21TR,3.18TR,3.19TR,3.28TR,3.42TR,3.56TR,3.58TR,3.7TR,3.78TR,3.81TR,3.95TR,3.97TR,4.09TR,4.3TR,4.55TR,4.85TR,5.18TR,5.19TR,5.36TR,5.79TR,6.09TR,6.37TR,6.61TR,6.94TR,7.29TR,7.59TR,7.89TR,8.33TR,8.76TR,8.73TR,9.4TR,9.85TR,10.4TR
Kyrgyz Republic,,,,,,,,,,,,,,,,,,,,,,,,,,,343B,355B,402B,413B,436B,402B,346B,293B,234B,221B,237B,260B,266B,276B,291B,306B,306B,327B,350B,350B,361B,392B,424B,437B,435B,460B,460B,510B,531B,551B,575B,603B,625B,654B,607B,641B,698B,741B
Cambodia,,,,,,,,,,,,,,,,9.64TR,9.64TR,8.22TR,8.22TR,7.17TR,6.76TR,6.76TR,6.76TR,7.06TR,7.41TR,7.76TR,8.05TR,9.79TR,11TR,11.3TR,11.5TR,12.3TR,13.2TR,13.8TR,8.96TR,9.85TR,10.4TR,10.9TR,11.4TR,12.8TR,14.1TR,15.2TR,16.2TR,17.6TR,19.4TR,22TR,24.4TR,26.9TR,28.7TR,28.7TR,30.4TR,32.6TR,34.9TR,37.5TR,40.2TR,43TR,46TR,49.2TR,52.8TR,56.6TR,54.8TR,56.5TR,59.4TR,62.7TR
Kiribati,,,,,,,,,,,138M,135M,151M,183M,266M,280M,205M,196M,198M,175M,146M,154M,153M,138M,157M,136M,133M,135M,164M,152M,143M,135M,167M,167M,170M,175M,175M,177M,184M,177M,189M,183M,186M,183M,182M,184M,195M,201M,195M,196M,198M,205M,217M,233M,236M,263M,282M,292M,302M,312M,310M,337M,350M,365M
St. Kitts and Nevis,,,,,,,,,,,,,,,,,,440M,458M,492M,534M,542M,545M,552M,601M,652M,723M,770M,841M,887M,930M,913M,952M,1.02B,1.07B,1.13B,1.19B,1.28B,1.27B,1.31B,1.44B,1.52B,1.54B,1.48B,1.54B,1.69B,1.74B,1.75B,1.95B,1.88B,1.88B,1.91B,1.9B,2.01B,2.16B,2.17B,2.26B,2.26B,2.31B,2.37B,2.01B,2.02B,2.23B,2.31B
South Korea,29.1TR,31.1TR,32.3TR,35.2TR,38.5TR,41.4TR,46.3TR,50.5TR,57.2TR,65.5TR,72.1TR,79.7TR,85.5TR,98.2TR,108TR,116TR,131TR,147TR,164TR,178TR,175TR,188TR,203TR,230TR,255TR,275TR,306TR,345TR,386TR,413TR,454TR,503TR,534TR,571TR,624TR,684TR,738TR,783TR,743TR,828TR,904TR,947TR,1.02P,1.05P,1.11P,1.16P,1.22P,1.29P,1.33P,1.34P,1.43P,1.48P,1.51P,1.56P,1.61P,1.66P,1.71P,1.76P,1.81P,1.85P,1.84P,1.92P,1.97P,2.00P
Kosovo,,,,,,,,,,,,,,,,,,,,,,,,,,,,,,,,,,,,,,,,,,,,,,,,,3.54B,3.72B,3.9B,4.15B,4.22B,4.44B,4.59B,4.86B,5.13B,5.38B,5.56B,5.83B,5.52B,6.11B,6.37B,6.58B
Kuwait,,,,,,,,,,,19.2B,20.5B,21.3B,19.9B,17.3B,15.2B,16.2B,15.6B,16.7B,19B,15.3B,12.4B,11B,11.8B,12.5B,11.9B,13B,14B,12.6B,15.9B,11.7B,6.91B,12.6B,16.9B,18.3B,19.2B,19.4B,19.8B,20.6B,20.2B,21.1B,21.2B,21.8B,25.6B,28.2B,31.2B,33.6B,35.6B,36.5B,33.9B,33.1B,36.3B,38.7B,39.1B,39.3B,39.5B,40.7B,38.8B,39.7B,40.3B,38.1B,38.8B,41.2B,40.3B
Lao,,,,,,,,,,,,,,,,,,,,,,,,,14.9TR,15.6TR,16.4TR,16.2TR,15.8TR,18.1TR,19.3TR,20.1TR,21.2TR,22.5TR,24.3TR,26.1TR,27.9TR,29.8TR,31TR,33.2TR,35.1TR,37.2TR,39.4TR,41.8TR,44.4TR,47.6TR,51.7TR,55.6TR,59.9TR,64.4TR,69.9TR,75.5TR,81.6TR,88.2TR,94.9TR,102TR,109TR,116TR,124TR,130TR,131TR,134TR,138TR,143TR
Lebanon,,,,,,,,,,,,,,,,,,,,,,,,,,,,,17.4TR,10TR,12.7TR,19TR,22.1TR,24.5TR,26.5TR,28.2TR,31.4TR,31.7TR,32.9TR,32.7TR,33.1TR,34.4TR,35.6TR,36.7TR,39.2TR,40.2TR,40.8TR,44.6TR,48.7TR,53.7TR,58TR,58.5TR,60TR,62.3TR,63.8TR,64.1TR,65.1TR,65.7TR,64.4TR,60TR,47.1TR,43.8TR,43.6TR,43.5TR
Liberia,2.98B,3.05B,3.09B,3.16B,3.33B,3.49B,3.75B,4.01B,4.2B,4.51B,4.81B,5.04B,5.25B,5.13B,5.38B,5.19B,5.46B,5.55B,5.82B,6.01B,5.76B,5.64B,5.5B,5.4B,5.28B,5.24B,5.15B,5.1B,5B,3.66B,1.79B,1.54B,999M,669M,524M,501M,562M,1.16B,1.51B,1.84B,2.36B,2.43B,2.53B,1.76B,1.81B,1.91B,2.06B,2.26B,2.42B,2.54B,2.7B,2.92B,3.15B,3.43B,3.45B,3.45B,3.4B,3.48B,3.52B,3.44B,3.33B,3.5B,3.67B,3.84B
Libya,6.31B,6.94B,9.2B,12.4B,18B,23.1B,27.4B,30.4B,40.7B,46B,48.3B,45.8B,50B,50.9B,62.2B,64.7B,79.5B,86.6B,89.4B,97.5B,98.1B,79.3B,81.5B,79.5B,75.5B,81.8B,72.5B,61.8B,66.5B,71.3B,74B,85.5B,83.2B,80.1B,81.6B,79.8B,81.5B,85.8B,82.7B,83.4B,86.4B,84.9B,84.1B,95B,99.3B,111B,118B,126B,125B,120B,126B,62.5B,117B,95.8B,73.7B,73.1B,72B,95.4B,103B,96.8B,40.4B,102B,104B,102B
St. Lucia,,,,,,,,,,,,,,,,,,1.35B,1.49B,1.55B,1.51B,1.61B,1.64B,1.72B,1.85B,2B,2.29B,2.38B,2.71B,2.96B,3.25B,3.26B,3.52B,3.54B,3.6B,3.66B,3.77B,3.74B,3.97B,4.08B,4.08B,3.94B,3.96B,4.13B,4.43B,4.41B,4.68B,4.76B,5B,4.86B,4.87B,5.08B,5.08B,4.98B,5.05B,5.06B,5.23B,5.41B,5.56B,5.53B,4.17B,4.68B,5.53B,5.71B
Liechtenstein,,,,,,,,,,,1.15B,1.17B,1.19B,1.21B,1.23B,1.25B,1.31B,1.37B,1.44B,1.5B,1.58B,1.65B,1.62B,1.63B,1.7B,1.82B,1.9B,2.07B,2.19B,2.29B,2.34B,2.38B,2.47B,2.57B,2.75B,2.91B,3.11B,3.34B,3.6B,3.97B,4.1B,4.07B,4.03B,3.95B,4.07B,4.27B,4.63B,4.79B,4.87B,4.82B,,,,,,,,,,,,,,
Sri Lanka,,887B,921B,944B,981B,1.01TR,1.06TR,1.12TR,1.19TR,1.28TR,1.33TR,1.35TR,1.34TR,1.44TR,1.49TR,1.58TR,1.64TR,1.72TR,1.82TR,1.93TR,2.05TR,2.16TR,2.25TR,2.36TR,2.48TR,2.61TR,2.72TR,2.77TR,2.84TR,2.9TR,3.09TR,3.23TR,3.37TR,3.6TR,3.81TR,4.01TR,4.17TR,4.43TR,4.64TR,4.84TR,5.13TR,5.05TR,5.25TR,5.57TR,5.87TR,6.23TR,6.71TR,7.17TR,7.6TR,7.86TR,8.49TR,9.23TR,10TR,10.4TR,11.1TR,11.6TR,12.2TR,12.9TR,13.2TR,13.2TR,12.6TR,13.1TR,12.2TR,11.9TR
Lesotho,1.78B,1.81B,2.09B,2.32B,2.51B,2.56B,2.55B,2.83B,2.82B,2.86B,2.92B,3.07B,3.07B,3.88B,4.3B,3.72B,4.13B,5.03B,5.95B,6.13B,5.96B,6B,6.27B,6.39B,6.75B,6.92B,7.25B,7.3B,7.93B,8.39B,8.89B,9.51B,10.2B,10.5B,11.2B,11.5B,12.2B,12.6B,12.8B,12.9B,13.4B,13.9B,14B,14.6B,14.8B,15.4B,16B,16.7B,17.6B,17.4B,18.3B,19.1B,20.3B,20.7B,21.1B,21.7B,22.5B,21.8B,21.5B,21.2B,19.6B,20B,20.2B,20.4B
Lithuania,,,,,,,,,,,,,,,,,,,,,,,,,,,,,,,27.8B,26.3B,20.7B,17.3B,15.6B,16.1B,17B,18.4B,19.8B,19.5B,20.3B,21.6B,23B,25.5B,27.1B,29.2B,31.4B,34.9B,35.8B,30.5B,31B,32.9B,34.1B,35.4B,36.6B,37.3B,38.3B,39.9B,41.5B,43.5B,43.4B,46.2B,47.3B,47.1B
Luxembourg,7.88B,8.19B,8.3B,8.58B,9.26B,9.19B,9.29B,9.31B,9.7B,10.7B,10.9B,11.1B,11.9B,12.9B,13.4B,12.5B,12.8B,13B,13.6B,13.9B,14B,13.9B,14.1B,14.5B,15.4B,15.8B,17.4B,18.1B,19.7B,21.6B,22.7B,24.7B,25.1B,26.2B,27.2B,27.6B,28B,29.5B,31.5B,34B,36.4B,37.5B,38.7B,39.7B,41.4B,42.4B,45B,48.6B,48.5B,46.9B,48.7B,49.2B,50B,51.6B,52.9B,54.1B,56.8B,57.6B,58.3B,60B,59.4B,63.7B,64.6B,63.9B
Latvia,,,,,,,,,,,,,,,,,,,,,,,,,,,,,,,19.5B,17B,11.6B,11B,11.2B,11.1B,11.4B,12.4B,13.2B,13.6B,14.4B,15.3B,16.3B,17.7B,19.2B,21.2B,23.8B,26.1B,25.3B,21.7B,20.7B,21.3B,22.8B,23.2B,23.7B,24.6B,25.2B,26B,27B,27.2B,26.2B,28B,28.8B,28.7B
"Macao, China",,,,,,,,,,,,,,,,,,,,,,,50.6B,55.6B,60.3B,60.8B,64.8B,74.1B,79.9B,83.9B,90.6B,93.9B,106B,112B,117B,121B,120B,120B,114B,112B,118B,121B,132B,148B,187B,202B,229B,262B,271B,274B,343B,418B,456B,505B,495B,388B,386B,424B,451B,439B,201B,248B,195B,352B
3/1/01,,,,,,,,,,,,,,,,,,,,,,,,,,,,,,,,,,,,,,,,,,,,,,,,,,,,,,,582M,588M,617M,568M,522M,556M,487M,511M,,
Morocco,,,,,,,109B,120B,132B,143B,150B,158B,162B,168B,177B,190B,211B,224B,229B,240B,248B,244B,266B,270B,287B,304B,332B,331B,371B,381B,394B,422B,414B,411B,454B,429B,483B,475B,509B,518B,532B,573B,594B,631B,659B,680B,733B,759B,802B,832B,861B,909B,936B,975B,1TR,1.04TR,1.05TR,1.1TR,1.14TR,1.17TR,1.09TR,1.17TR,1.19TR,1.23TR
Monaco,,,,,,,,,,,1.57B,1.66B,1.73B,1.85B,1.93B,1.91B,1.99B,2.07B,2.15B,2.22B,2.26B,2.28B,2.34B,2.36B,2.4B,2.44B,2.5B,2.56B,2.68B,2.79B,2.87B,2.89B,2.93B,2.91B,2.97B,3.03B,3.07B,3.14B,3.25B,3.35B,3.49B,3.56B,3.6B,3.64B,3.73B,3.8B,4.02B,4.6B,4.63B,4.11B,4.19B,4.49B,4.53B,4.96B,5.32B,5.58B,5.75B,5.57B,5.89B,6.31B,5.49B,6.69B,7.43B,
Moldova,,,,,,,,,,,,,,,,,,,,,,,,,,,,,,,210B,176B,125B,123B,85.2B,84B,79.1B,80.4B,75.1B,72.6B,74.1B,78.7B,84.8B,90.4B,97.1B,104B,109B,113B,121B,114B,122B,129B,129B,140B,147B,147B,154B,160B,166B,172B,158B,180B,171B,172B
Madagascar,6.89TR,7.03TR,7.19TR,7.12TR,7.4TR,7.37TR,7.52TR,7.94TR,8.48TR,8.8TR,9.26TR,9.63TR,9.5TR,9.25TR,9.44TR,9.56TR,9.27TR,9.48TR,9.23TR,10.1TR,10.2TR,9.23TR,9.06TR,9.14TR,9.3TR,9.41TR,9.59TR,9.71TR,10TR,10.4TR,10.8TR,10.1TR,10.2TR,10.4TR,10.4TR,10.6TR,10.8TR,11.2TR,11.7TR,12.2TR,12.8TR,13.5TR,11.8TR,13TR,13.7TR,14.3TR,15.1TR,16TR,17TR,16.4TR,16.5TR,16.7TR,17.2TR,17.6TR,18.2TR,18.8TR,19.5TR,20.3TR,21TR,21.9TR,20.3TR,21.5TR,22.3TR,23.2TR
Maldives,,,,,,,,,,,3.02B,3.18B,3.25B,3.3B,3.49B,3.21B,3.23B,3.6B,4.13B,4.57B,5.41B,6.05B,5.87B,6.82B,8.66B,10B,10.9B,11.9B,12.9B,14.1B,16.5B,16.8B,17.9B,18.9B,20.4B,23B,24.8B,26.9B,28.9B,30.7B,31.9B,30.6B,32.8B,37.4B,39.5B,35.1B,43.4B,46.5B,50.6B,46.5B,49.7B,54B,55.2B,59.1B,63.7B,66.2B,70.6B,75.5B,82.1B,88.1B,59.1B,81.4B,92.7B,96.4B
Mexico,2.87TR,3.01TR,3.15TR,3.41TR,3.82TR,4.09TR,4.34TR,4.59TR,5.02TR,5.19TR,5.53TR,5.74TR,6.21TR,6.7TR,7.09TR,7.49TR,7.82TR,8.09TR,8.81TR,9.67TR,10.5TR,11.5TR,11.5TR,11TR,11.4TR,11.6TR,11.1TR,11.4TR,11.5TR,11.9TR,12.5TR,13TR,13.5TR,13.9TR,14.5TR,13.7TR,14.5TR,15.5TR,16.5TR,17TR,17.8TR,17.7TR,17.7TR,17.9TR,18.5TR,18.9TR,19.8TR,20.3TR,20.4TR,19.2TR,20.1TR,20.8TR,21.5TR,21.7TR,22.3TR,22.9TR,23.3TR,23.7TR,24.2TR,24.1TR,22TR,23.3TR,24.2TR,25TR
Marshall Islands,,,,,,,,,,,45.9M,47M,47.5M,63.6M,73.4M,73.4M,73.7M,75.5M,79.7M,81.4M,75.6M,80.4M,84.3M,97.4M,101M,94.8M,118M,129M,139M,137M,140M,141M,151M,160M,169M,183M,164M,154M,153M,150M,154M,165M,171M,168M,167M,170M,170M,176M,163M,169M,178M,178M,175M,182M,179M,183M,187M,194M,205M,226M,220M,222M,221M,228M
North Macedonia,,,,,,,,,,,,,,,,,,,,,,,,,,,,,,,307B,288B,269B,249B,244B,242B,245B,248B,256B,268B,280B,271B,275B,281B,295B,308B,324B,345B,364B,363B,375B,384B,382B,393B,408B,423B,435B,440B,453B,470B,448B,469B,479B,484B
Mali,,,,,,,,678B,703B,704B,748B,767B,812B,800B,788B,879B,999B,1.06TR,1.05TR,1.16TR,1.11TR,1.12TR,1.04TR,1.06TR,1.06TR,1.27TR,1.3TR,1.3TR,1.4TR,1.46TR,1.42TR,1.59TR,1.54TR,1.58TR,1.64TR,1.66TR,1.78TR,1.86TR,2TR,2.12TR,2.12TR,2.44TR,2.52TR,2.75TR,2.79TR,2.97TR,3.11TR,3.22TR,3.37TR,3.54TR,3.72TR,3.84TR,3.81TR,3.9TR,4.17TR,4.43TR,4.69TR,4.94TR,5.17TR,5.42TR,5.35TR,5.52TR,5.71TR,6.01TR
Malta,,,,,,,,,,,855M,876M,927M,966M,1.06B,1.27B,1.49B,1.67B,1.85B,2.05B,2.19B,2.27B,2.32B,2.3B,2.33B,2.39B,2.48B,2.58B,2.8B,3.03B,3.22B,3.42B,3.58B,3.74B,3.95B,4.2B,4.36B,4.59B,4.82B,5.05B,6.04B,5.97B,6.13B,6.38B,6.38B,6.6B,6.77B,7.09B,7.36B,7.28B,7.68B,7.72B,8.03B,8.47B,9.12B,10B,10.3B,11.5B,12.3B,13.2B,12.1B,13.6B,14.7B,15.6B
Myanmar,3.44TR,3.46TR,3.6TR,4.08TR,3.84TR,4.25TR,4.04TR,3.8TR,4.26TR,4.4TR,4.62TR,4.81TR,4.93TR,4.88TR,5.14TR,5.35TR,5.68TR,6.02TR,6.41TR,6.74TR,7.28TR,7.74TR,8.18TR,8.53TR,8.96TR,9.21TR,9.11TR,8.75TR,7.76TR,8.04TR,8.27TR,8.21TR,9.01TR,9.55TR,10.3TR,11TR,11.7TR,12.3TR,13.1TR,14.5TR,16.5TR,18.4TR,20.6TR,23.4TR,26.6TR,30.2TR,34.2TR,38.3TR,42.2TR,46.6TR,51.1TR,54TR,57.9TR,62.8TR,68TR,72.7TR,77TR,81.7TR,86.8TR,92.5TR,84.2TR,74TR,77TR,77.8TR
Montenegro,,,,,,,,,,,,,,,,,,,,,,,,,,,,,,,,,,,,,,2.31B,2.42B,2.19B,2.26B,2.29B,2.33B,2.39B,2.49B,2.6B,2.82B,3.01B,3.23B,3.04B,3.13B,3.23B,3.14B,3.25B,3.31B,3.42B,3.52B,3.69B,3.87B,4.03B,3.41B,3.86B,4.11B,4.35B
Mongolia,,,,,,,,,,,,,,,,,,,,,,4.9TR,5.3TR,5.61TR,5.95TR,6.29TR,6.87TR,7.11TR,7.48TR,7.79TR,7.54TR,6.88TR,6.25TR,6.05TR,6.18TR,6.57TR,6.72TR,6.98TR,7.21TR,7.44TR,7.52TR,7.74TR,8.11TR,8.68TR,9.6TR,10.3TR,11.2TR,12.3TR,13.4TR,13.2TR,14.1TR,16.5TR,18.6TR,20.7TR,22.4TR,22.9TR,23.2TR,24.5TR,26.4TR,27.9TR,26.7TR,27.1TR,28.5TR,30.5TR
Northern Mariana Islands,,,,,,,,,,,,,,,,,,,,,,,,,,,,,,,,,,,,,,,,,,,1.46B,1.46B,1.42B,1.24B,1.15B,1.07B,956M,788M,799M,740M,746M,766M,798M,825M,1.07B,1.31B,1.06B,940M,661M,,,
Mozambique,,,,,,,,,,,,,,,,,,,,,150B,158B,147B,124B,116B,117B,114B,131B,142B,151B,152B,160B,148B,164B,174B,178B,197B,220B,243B,272B,274B,309B,339B,364B,394B,418B,460B,495B,529B,561B,598B,641B,692B,737B,794B,853B,893B,916B,948B,970B,958B,981B,1.02TR,1.08TR
Mauritania,,36.3B,36.6B,35.8B,45.8B,53.2B,53.3B,55.2B,60.8B,61.6B,69B,70.2B,69.7B,66.5B,74.6B,70.8B,76.8B,75.4B,75B,78.6B,81.2B,84B,82.1B,85.1B,82.4B,84.9B,89.7B,91.4B,93B,97.4B,95.7B,97.4B,99.2B,105B,102B,112B,118B,114B,117B,121B,116B,115B,117B,125B,131B,142B,168B,165B,164B,165B,169B,176B,184B,191B,200B,210B,213B,226B,237B,245B,244B,245B,261B,270B
Mauritius,35.5B,43.6B,43.9B,50B,46.6B,48.1B,46.4B,48.4B,45.1B,47.3B,47.1B,49.1B,53.2B,59.6B,64.8B,65.4B,81B,86.3B,89.6B,92.7B,83.4B,88.3B,93.2B,93.5B,97.9B,105B,115B,125B,134B,140B,150B,156B,166B,175B,182B,190B,201B,212B,225B,231B,250B,258B,262B,278B,290B,295B,309B,327B,345B,356B,372B,387B,400B,414B,430B,445B,463B,481B,500B,515B,440B,455B,495B,529B
Malawi,628B,676B,680B,671B,689B,782B,886B,951B,932B,987B,992B,1.15TR,1.22TR,1.25TR,1.34TR,1.42TR,1.5TR,1.57TR,1.72TR,1.8TR,1.81TR,1.71TR,1.75TR,1.82TR,1.91TR,2TR,2TR,2.03TR,2.1TR,2.12TR,2.24TR,2.44TR,2.26TR,2.48TR,2.23TR,2.6TR,2.79TR,2.89TR,3.01TR,3.1TR,3.15TR,2.99TR,3.04TR,3.22TR,3.39TR,3.5TR,3.67TR,4.02TR,4.32TR,4.68TR,5.01TR,5.25TR,5.35TR,5.64TR,5.96TR,6.13TR,6.28TR,6.53TR,6.82TR,7.19TR,7.25TR,7.45TR,7.52TR,7.63TR
Malaysia,39.3B,42.3B,45.1B,48.4B,51B,54.9B,59.2B,61.4B,66.3B,69.6B,73.8B,81.2B,88.8B,99.2B,107B,108B,121B,130B,139B,152B,163B,174B,185B,196B,212B,209B,212B,223B,245B,267B,291B,319B,348B,382B,417B,458B,504B,541B,501B,532B,579B,582B,613B,649B,693B,730B,771B,819B,859B,846B,909B,957B,1.01TR,1.06TR,1.12TR,1.18TR,1.23TR,1.3TR,1.36TR,1.42TR,1.35TR,1.39TR,1.51TR,1.57TR
Namibia,,,,,,,,,,,,,,,,,,,,,44.8B,45.2B,45.1B,44.2B,44.1B,44.3B,46.4B,48.1B,48.5B,49.4B,50.4B,54.5B,58.4B,57.5B,58.5B,60.8B,62.7B,65.4B,67.5B,69.8B,72.2B,73.1B,76.6B,79.8B,89.6B,91.9B,98.4B,104B,106B,107B,113B,119B,125B,132B,140B,146B,146B,145B,146B,145B,133B,138B,145B,151B
New Caledonia,,,,,,76.4B,73.4B,77.4B,88.4B,102B,134B,143B,148B,132B,148B,158B,162B,165B,181B,156B,156B,145B,148B,145B,148B,155B,153B,162B,218B,242B,250B,263B,264B,265B,272B,289B,290B,296B,286B,289B,295B,,,,,,,,,,,,,,,,,969B,1.01TR,994B,970B,949B,983B,
Niger,1.54TR,1.61TR,1.77TR,1.94TR,1.94TR,2.08TR,2.07TR,2.07TR,2.08TR,1.97TR,2.03TR,2.14TR,2.03TR,1.68TR,1.83TR,1.78TR,1.79TR,1.93TR,2.19TR,2.35TR,2.29TR,2.29TR,2.34TR,2.25TR,1.87TR,2.01TR,2.14TR,2.14TR,2.29TR,2.31TR,2.28TR,2.27TR,2.32TR,2.33TR,2.37TR,2.43TR,2.43TR,2.47TR,2.71TR,2.71TR,2.67TR,2.87TR,3.01TR,3.07TR,3.09TR,3.31TR,3.51TR,3.62TR,3.9TR,3.97TR,4.32TR,4.42TR,4.88TR,5.14TR,5.48TR,5.73TR,6.05TR,6.36TR,6.82TR,7.22TR,7.48TR,7.58TR,8.48TR,8.69TR
Nigeria,9.28TR,9.3TR,9.68TR,10.5TR,11TR,11.6TR,11.1TR,9.33TR,9.21TR,11.4TR,14.3TR,16.3TR,16.9TR,17.8TR,19.8TR,18.8TR,20.5TR,21.7TR,20.4TR,21.8TR,22.7TR,19.7TR,18.4TR,16.4TR,16.2TR,17.2TR,17.2TR,17.7TR,19TR,19.4TR,21.7TR,21.8TR,22.8TR,22.3TR,21.9TR,21.9TR,22.8TR,23.5TR,24.1TR,24.2TR,25.4TR,26.9TR,31.1TR,33.3TR,36.4TR,38.8TR,41.1TR,43.8TR,46.8TR,50.6TR,54.6TR,57.5TR,59.9TR,63.9TR,68TR,69.8TR,68.7TR,69.2TR,70.5TR,72.1TR,70.8TR,73.4TR,75.8TR,77.9TR
Nicaragua,39.8B,42.7B,47.4B,52.5B,58.7B,64.3B,66.4B,71B,72B,76.5B,77.5B,80.1B,81.8B,87.1B,99.4B,99.3B,104B,113B,104B,76.7B,80.2B,84.5B,83.9B,87.7B,86.4B,82.8B,82B,81.4B,71.3B,70B,70B,69.9B,70.1B,69.9B,72.2B,76.5B,81.3B,84.5B,87.7B,93.8B,97.7B,101B,101B,104B,109B,114B,119B,125B,129B,125B,130B,139B,148B,155B,162B,170B,178B,186B,180B,175B,172B,189B,196B,205B
Netherlands,148B,148B,158B,164B,178B,193B,198B,209B,222B,237B,251B,262B,271B,286B,296B,296B,309B,317B,325B,332B,336B,334B,329B,336B,347B,356B,365B,372B,385B,402B,419B,429B,437B,442B,455B,470B,486B,507B,531B,557B,581B,594B,596B,596B,608B,621B,642B,666B,681B,656B,665B,675B,668B,667B,677B,690B,705B,726B,743B,757B,728B,773B,806B,807B
Curaçao,,,,,,,,,,,,,,,,,,,,,,,,,,,,,,,,,,,,,,,,,4.88B,4.85B,4.87B,4.88B,4.89B,4.93B,5.01B,5.13B,5.24B,5.21B,5.22B,5.24B,5.23B,5.19B,5.16B,5.18B,5.13B,5.06B,4.96B,4.8B,3.93B,4.1B,4.42B,
Norway,555B,590B,606B,629B,661B,696B,722B,767B,784B,820B,836B,883B,930B,972B,1.01TR,1.06TR,1.12TR,1.17TR,1.21TR,1.27TR,1.33TR,1.35TR,1.35TR,1.4TR,1.49TR,1.57TR,1.63TR,1.66TR,1.66TR,1.68TR,1.71TR,1.76TR,1.82TR,1.88TR,1.97TR,2.05TR,2.16TR,2.27TR,2.33TR,2.38TR,2.46TR,2.51TR,2.54TR,2.57TR,2.67TR,2.74TR,2.81TR,2.89TR,2.9TR,2.85TR,2.87TR,2.9TR,2.98TR,3.01TR,3.07TR,3.13TR,3.17TR,3.24TR,3.27TR,3.31TR,3.27TR,3.39TR,3.5TR,3.51TR
Nepal,253B,258B,263B,268B,288B,285B,305B,300B,302B,315B,324B,320B,330B,328B,349B,354B,369B,381B,397B,407B,397B,431B,447B,434B,475B,505B,528B,537B,578B,603B,631B,671B,699B,726B,785B,812B,856B,899B,926B,967B,1.03TR,1.08TR,1.08TR,1.12TR,1.17TR,1.21TR,1.25TR,1.3TR,1.38TR,1.44TR,1.51TR,1.56TR,1.63TR,1.69TR,1.79TR,1.86TR,1.87TR,2.04TR,2.19TR,2.34TR,2.28TR,2.39TR,2.53TR,2.58TR
Nauru,,,,,,,,,,,247M,255M,262M,269M,277M,285M,277M,269M,262M,255M,247M,240M,234M,227M,221M,214M,208M,203M,197M,191M,186M,151M,126M,106M,102M,93.6M,82.5M,75.1M,66.3M,61.9M,57.7M,53.8M,48.4M,48.6M,46.5M,42.8M,39.2M,37.3M,65.6M,61.9M,61.9M,71M,88.4M,92M,107M,110M,115M,107M,107M,116M,118M,127M,129M,130M
New Zealand,60.5B,62.5B,64.4B,68.3B,72.5B,76.9B,81.7B,78B,77.9B,85.9B,84.7B,87.9B,92.4B,99.6B,106B,104B,105B,101B,101B,103B,104B,109B,110B,114B,120B,122B,125B,126B,126B,126B,126B,125B,126B,134B,141B,148B,153B,156B,157B,166B,171B,176B,185B,194B,201B,208B,214B,221B,218B,218B,221B,226B,231B,237B,246B,255B,265B,274B,284B,290B,289B,302B,311B,313B
Oman,,,,,,668M,703M,1.17B,2.13B,2.67B,3.04B,3.07B,3.37B,2.89B,3.22B,4.01B,4.83B,4.88B,4.7B,4.91B,5.2B,6.09B,6.79B,7.93B,9.25B,10.5B,10.8B,10.4B,11B,12.3B,12.3B,13B,14.1B,15B,15.6B,16.3B,16.8B,17.9B,18.3B,18.4B,19.6B,20.5B,20.2B,19.7B,20B,20.5B,21.6B,22.5B,24.4B,25.9B,26.3B,27.1B,29.5B,31B,31.4B,33B,34.6B,34.7B,35.2B,34.8B,33.6B,34.7B,36.1B,36.6B
Pakistan,1.94TR,2.05TR,2.14TR,2.33TR,2.51TR,2.77TR,2.93TR,3.09TR,3.31TR,3.49TR,3.89TR,3.91TR,3.94TR,4.22TR,4.37TR,4.55TR,4.79TR,4.98TR,5.38TR,5.58TR,6.15TR,6.63TR,7.07TR,7.55TR,7.93TR,8.53TR,9TR,9.58TR,10.3TR,10.8TR,11.3TR,11.9TR,12.8TR,13TR,13.5TR,14.2TR,14.9TR,15TR,15.4TR,16TR,16.6TR,17.2TR,17.7TR,18.7TR,20.1TR,21.6TR,22.9TR,23.9TR,24.4TR,25.3TR,25.6TR,26.3TR,27.1TR,28.3TR,29.5TR,30.7TR,32.7TR,34.2TR,36.3TR,37.2TR,36.7TR,39.1TR,41TR,41TR
Panama,3.32B,3.69B,3.99B,4.33B,4.52B,4.94B,5.31B,5.76B,6.17B,6.69B,7.15B,7.84B,8.2B,8.64B,8.85B,9.01B,9.16B,9.26B,10.2B,10.6B,12B,13.1B,13.8B,13.2B,13.6B,14.2B,14.7B,14.5B,12.5B,12.7B,13.8B,15.1B,16.3B,17.2B,17.7B,18B,18.7B,19.9B,21.4B,22.2B,22.8B,23B,23.5B,24.4B,26.3B,28.2B,30.6B,34.3B,37.7B,38.1B,40.4B,44.9B,49.3B,52.7B,55.4B,58.6B,61.5B,64.9B,67.3B,69.5B,57.2B,66.3B,73.4B,78.8B
Peru,69.9B,75.1B,82.6B,86.2B,91.8B,97B,105B,109B,109B,113B,117B,122B,126B,134B,147B,153B,156B,156B,152B,158B,168B,177B,177B,158B,164B,167B,183B,201B,182B,159B,151B,155B,154B,162B,182B,196B,201B,214B,213B,216B,222B,224B,236B,246B,258B,274B,295B,320B,349B,353B,382B,406B,431B,456B,467B,483B,502B,514B,535B,547B,487B,552B,567B,564B
Philippines,1.53TR,1.62TR,1.7TR,1.82TR,1.88TR,1.98TR,2.07TR,2.18TR,2.29TR,2.39TR,2.48TR,2.62TR,2.76TR,3TR,3.1TR,3.27TR,3.56TR,3.76TR,3.95TR,4.17TR,4.39TR,4.54TR,4.71TR,4.8TR,4.46TR,4.15TR,4.3TR,4.49TR,4.79TR,5.08TR,5.24TR,5.22TR,5.24TR,5.35TR,5.59TR,5.85TR,6.19TR,6.51TR,6.48TR,6.69TR,6.99TR,7.2TR,7.47TR,7.85TR,8.36TR,8.77TR,9.24TR,9.84TR,10.3TR,10.4TR,11.2TR,11.6TR,12.4TR,13.3TR,14.1TR,15TR,16.1TR,17.2TR,18.3TR,19.4TR,17.5TR,18.5TR,19.9TR,21.1TR
Palau,,,,,,,,,,,144M,144M,145M,145M,145M,145M,145M,147M,147M,146M,145M,145M,144M,147M,154M,162M,171M,180M,190M,201M,212M,222M,208M,182M,195M,217M,239M,245M,250M,236M,230M,245M,257M,249M,259M,268M,267M,272M,257M,238M,236M,248M,252M,244M,257M,282M,284M,274M,276M,278M,257M,221M,220M,221M
Papua New Guinea,6.96B,7.39B,7.86B,8.18B,8.88B,9.8B,10.4B,10.8B,11.3B,12.2B,13.5B,14.4B,15.2B,16.2B,16.6B,16.4B,15.9B,16B,17.4B,17.7B,17.3B,17.2B,17.3B,17.9B,17.8B,18.5B,19.4B,19.9B,20.5B,20.2B,19.6B,21.5B,24.4B,28.9B,30.6B,29.6B,31.9B,30.6B,29.5B,30B,29.3B,29.3B,29.2B,29.8B,30.6B,32.6B,34.4B,37B,36.9B,39.4B,43.4B,43.9B,46B,47.7B,54.2B,57.7B,60.9B,63.1B,62.9B,65.7B,63.6B,63.1B,66.4B,68.2B
Poland,,,,,,,,,,,,,,,,,,,,,,,,,,,,,,,734B,683B,700B,726B,765B,819B,869B,925B,968B,1.01TR,1.06TR,1.07TR,1.09TR,1.13TR,1.19TR,1.23TR,1.31TR,1.4TR,1.46TR,1.5TR,1.54TR,1.62TR,1.65TR,1.66TR,1.72TR,1.8TR,1.85TR,1.95TR,2.06TR,2.15TR,2.11TR,2.26TR,2.38TR,2.39TR
Puerto Rico,15.5B,16.6B,18B,19.6B,20.9B,22.9B,24.6B,26.1B,27.5B,30B,32.6B,34.6B,37.1B,39.5B,40.6B,40.4B,42.9B,45.4B,48.6B,52.4B,54.6B,55.3B,54.4B,53.1B,56.3B,58B,60.9B,64.4B,68.2B,71.2B,69.1B,70.7B,74B,77.4B,80.6B,84.3B,86.3B,90.5B,95.5B,101B,104B,110B,111B,112B,121B,119B,117B,116B,114B,112B,111B,111B,111B,110B,109B,108B,107B,103B,98.9B,101B,96.4B,96.8B,100B,101B
Portugal,32.4B,34.2B,36.5B,38.6B,41.1B,44.1B,45.9B,49.4B,53.8B,54.9B,59.9B,63.9B,69B,76.7B,77.6B,74.2B,79.4B,83.8B,86.2B,91B,95.2B,96.8B,98.8B,98.7B,96.8B,99.5B,104B,110B,119B,126B,131B,137B,138B,136B,137B,143B,148B,154B,162B,168B,174B,178B,179B,177B,181B,182B,185B,190B,190B,184B,187B,184B,177B,175B,177B,180B,183B,190B,195B,200B,184B,194B,208B,212B
Paraguay,14.6TR,15.6TR,16.1TR,16.8TR,17.5TR,18.6TR,19TR,20.7TR,21.7TR,22.7TR,23.9TR,25.3TR,26.9TR,28.9TR,31.3TR,33.5TR,36TR,40.1TR,45TR,50.3TR,56.2TR,61.3TR,60.5TR,58.6TR,60.3TR,63TR,66.2TR,71.2TR,75.4TR,80.6TR,83.9TR,86.9TR,88.3TR,92.7TR,97.6TR,104TR,106TR,110TR,110TR,109TR,106TR,106TR,106TR,110TR,115TR,117TR,123TR,129TR,138TR,137TR,153TR,159TR,158TR,171TR,180TR,186TR,193TR,203TR,209TR,208TR,207TR,215TR,215TR,226TR
Palestine,,,,,,,,,,,,,,,,,,,,,,,,,,,,,,,,,,,5.06B,5.42B,5.48B,6.29B,7.19B,7.78B,7.12B,6.46B,5.65B,6.44B,7.85B,8.74B,8.65B,8.98B,9.65B,10.5B,11.1B,12.1B,12.9B,13.5B,13.5B,14B,15.2B,15.4B,15.6B,15.8B,14B,15B,15.6B,14.8B
French Polynesia,,,,,,211B,231B,220B,253B,246B,250B,280B,267B,288B,340B,323B,349B,357B,392B,407B,409B,420B,427B,438B,448B,443B,503B,509B,491B,501B,502B,520B,513B,506B,498B,496B,492B,492B,500B,510B,526B,525B,529B,540B,546B,547B,552B,562B,562B,538B,525B,509B,504B,506B,509B,518B,530B,553B,563B,579B,538B,549B,574B,
Qatar,,,,,,,,,,,35.4B,38.9B,43.2B,47.9B,50.8B,53.7B,58.2B,54B,58.8B,61.8B,61.2B,61.8B,57.5B,56.5B,59.1B,57.8B,60.9B,61B,64.5B,68.6B,70.9B,69.7B,77.6B,76.6B,77.7B,79.6B,83B,108B,120B,125B,135B,141B,151B,156B,186B,200B,253B,298B,351B,393B,470B,532B,557B,588B,620B,649B,669B,659B,667B,672B,648B,659B,686B,
Romania,,,,,,,,,,,,,,,,,,,,,,,,,,,,,,,248B,216B,197B,200B,208B,221B,229B,218B,214B,213B,218B,229B,243B,248B,274B,287B,310B,332B,363B,343B,330B,345B,351B,352B,367B,378B,389B,421B,447B,464B,447B,472B,492B,502B
Russia,,,,,,,,,,,,,,,,,,,,,,,,,,,,,,75TR,72.8TR,69.1TR,59.1TR,54TR,47.2TR,45.2TR,43.5TR,44.1TR,41.8TR,44.5TR,48.9TR,51.4TR,53.8TR,57.7TR,61.9TR,65.9TR,71.3TR,77.3TR,81.4TR,75TR,78.4TR,81.8TR,85TR,86.5TR,87.2TR,85.5TR,85.6TR,87.2TR,89.6TR,91.6TR,89.2TR,94.2TR,92.2TR,95.5TR
Rwanda,829B,793B,883B,797B,697B,746B,798B,854B,914B,1.01TR,1.08TR,1.09TR,1.09TR,1.13TR,1.14TR,1.12TR,1.34TR,1.37TR,1.49TR,1.67TR,1.82TR,1.92TR,1.95TR,2.07TR,1.98TR,2.07TR,2.18TR,2.18TR,2.28TR,2.28TR,2.22TR,2.17TR,2.29TR,2.11TR,1.05TR,1.42TR,1.6TR,1.82TR,1.98TR,2.07TR,2.24TR,2.43TR,2.75TR,2.81TR,3.02TR,3.3TR,3.61TR,3.88TR,4.32TR,4.59TR,4.92TR,5.31TR,5.77TR,6.05TR,6.42TR,6.99TR,7.4TR,7.69TR,8.35TR,9.14TR,8.83TR,9.79TR,10.6TR,11.5TR
Saudi Arabia,165B,185B,207B,225B,244B,274B,296B,323B,347B,368B,562B,678B,833B,1.03TR,1.2TR,1.09TR,1.29TR,1.38TR,1.31TR,1.47TR,1.55TR,1.58TR,1.25TR,1.05TR,1TR,903B,1.06TR,987B,1.12TR,1.11TR,1.28TR,1.47TR,1.53TR,1.51TR,1.52TR,1.52TR,1.56TR,1.58TR,1.62TR,1.56TR,1.65TR,1.63TR,1.58TR,1.76TR,1.9TR,2.01TR,2.07TR,2.1TR,2.23TR,2.19TR,2.3TR,2.55TR,2.69TR,2.76TR,2.86TR,2.99TR,3.05TR,3.08TR,3.17TR,3.21TR,3.09TR,3.25TR,3.5TR,3.47TR
Sudan,3.9B,3.91B,4.18B,4.06B,4.01B,4.28B,4.13B,4.19B,4.27B,4.33B,4.59B,4.69B,4.45B,4.48B,4.99B,5.78B,6.74B,7.16B,6.74B,6.4B,6.49B,6.98B,7.39B,7.55B,7.17B,6.72B,7.08B,8.09B,8.06B,8.78B,8.3B,8.93B,9.51B,9.95B,10B,10.6B,11.3B,13.3B,13.9B,14.4B,15.3B,16.3B,17.2B,18.3B,19.3B,20.3B,21.7B,22.9B,23.8B,23.1B,24B,23.3B,19.3B,19.7B,20.6B,21B,21.7B,21.9B,21.3B,20.8B,20.1B,19.7B,19.5B,17.2B
Senegal,2.25TR,2.32TR,2.31TR,2.36TR,2.45TR,2.48TR,2.55TR,2.52TR,2.68TR,2.5TR,2.72TR,2.71TR,2.89TR,2.73TR,2.84TR,3.06TR,3.33TR,3.24TR,3.11TR,3.33TR,3.46TR,3.64TR,3.93TR,3.71TR,3.86TR,3.99TR,4.11TR,4.37TR,4.34TR,4.51TR,4.47TR,4.59TR,4.65TR,4.72TR,4.72TR,4.97TR,5.07TR,5.23TR,5.54TR,5.88TR,6.11TR,6.38TR,6.38TR,6.74TR,7.05TR,7.35TR,7.53TR,7.74TR,8.03TR,8.25TR,8.53TR,8.64TR,8.99TR,9.2TR,9.78TR,10.4TR,11.1TR,11.9TR,12.6TR,13.2TR,13.4TR,14.2TR,14.8TR,15.3TR
Singapore,8.18B,8.84B,9.51B,10.5B,10.1B,10.9B,12B,13.6B,15.4B,17.5B,20B,22.4B,25.4B,28.1B,29.8B,31B,33.3B,35.6B,38.4B,42.1B,46.3B,51.3B,55B,59.7B,64.9B,64.5B,65.4B,72.4B,80.6B,88.8B,97.5B,104B,111B,124B,137B,147B,158B,171B,168B,177B,193B,191B,199B,208B,228B,245B,267B,291B,297B,297B,340B,361B,377B,396B,411B,423B,439B,458B,475B,481B,462B,507B,527B,532B
Solomon Islands,,,,,,,,,,,,,,,,,,,,,3.8B,3.73B,3.67B,3.81B,3.82B,3.7B,3.69B,4B,4.05B,4.23B,4.32B,4.58B,5.16B,5.37B,5.8B,6.39B,6.49B,6.43B,6.51B,6.48B,5.56B,5.11B,4.97B,5.29B,5.7B,6.12B,6.37B,6.61B,7.02B,7.22B,7.92B,8.51B,8.72B,9.17B,9.28B,9.44B,9.96B,10.3B,10.6B,10.7B,10.4B,10.6B,10.9B,11.2B
Sierra Leone,2.29B,2.33B,2.43B,2.48B,2.64B,2.83B,2.88B,2.88B,2.94B,3.19B,3.46B,3.58B,3.62B,3.7B,3.83B,3.89B,3.87B,3.87B,3.97B,4.15B,4.35B,4.47B,4.69B,4.59B,4.78B,4.52B,4.58B,4.91B,4.56B,4.6B,4.75B,4.86B,3.94B,3.99B,3.91B,3.6B,3.66B,3.45B,3.51B,3.44B,3.67B,3.44B,4.35B,4.76B,5.07B,5.29B,5.52B,5.96B,6.28B,6.48B,6.91B,7.33B,8.44B,10.2B,10.7B,8.5B,9.03B,9.37B,9.7B,10.2B,10B,10.4B,10.8B,11.1B
El Salvador,,,,,,8.33B,8.92B,9.41B,9.71B,10.1B,10.4B,10.8B,11.4B,12B,12.6B,13B,13.6B,14.5B,15.3B,14.7B,12.4B,11.7B,10.9B,11.1B,11.2B,11.3B,11.3B,11.6B,11.8B,11.9B,12.5B,12.7B,13.6B,14.4B,15.1B,15.8B,15.9B,16.4B,16.8B,17.2B,17.4B,17.5B,17.8B,18.1B,18.3B,18.8B,19.6B,19.9B,20.4B,19.9B,20.4B,21.1B,21.7B,22.2B,22.6B,23.1B,23.7B,24.3B,24.8B,25.4B,23.4B,26.2B,27B,27.9B
San Marino,,,,,,,,,,,,,,,,,,,,,,,,,,,,,,,,,,,,,,1.02B,1.09B,1.19B,1.22B,1.29B,1.29B,1.34B,1.4B,1.44B,1.49B,1.6B,1.59B,1.43B,1.35B,1.24B,1.15B,1.14B,1.13B,1.16B,1.18B,1.19B,1.2B,1.23B,1.15B,1.25B,,
Somalia,37.7TR,36.5TR,39.1TR,40.2TR,37.7TR,35.5TR,38.7TR,41TR,41.9TR,41.1TR,43TR,43.9TR,50.5TR,44.4TR,44.7TR,51.3TR,50.3TR,57.2TR,60.5TR,57.5TR,58.5TR,62.2TR,63.9TR,56.5TR,58.3TR,63.9TR,62.5TR,68.8TR,71.2TR,73.9TR,75.6TR,77.8TR,71.2TR,74.1TR,60.9TR,63.3TR,68.4TR,69.2TR,73.7TR,79.1TR,84.8TR,90.8TR,97.7TR,105TR,113TR,121TR,128TR,137TR,146TR,156TR,166TR,178TR,190TR,184TR,198TR,218TR,232TR,254TR,262TR,271TR,264TR,273TR,280TR,288TR
Serbia,,,,,,,,,,,,,,,,,,,,,,,,,,,,,,,,,,,,2.31TR,2.45TR,2.63TR,2.72TR,2.46TR,2.61TR,2.79TR,2.97TR,3.1TR,3.38TR,3.57TR,3.75TR,3.99TR,4.22TR,4.1TR,4.13TR,4.21TR,4.19TR,4.31TR,4.24TR,4.32TR,4.46TR,4.55TR,4.76TR,4.96TR,4.92TR,5.3TR,5.43TR,5.57TR
South Sudan,,,,,,,,,,,,,,,,,,,,,,,,,,,,,,,,,,,,,,,,,,,,,,,,,26.9B,28.3B,29.8B,28.4B,15.3B,17.3B,17.9B,16B,,,,,,,,
Sao Tome and Principe,,,,,,,,,,,1B,1.06B,1.08B,1.1B,1.16B,1.22B,1.24B,1.53B,1.58B,1.83B,1.81B,1.63B,1.68B,1.61B,1.51B,1.66B,1.56B,1.51B,1.54B,1.59B,1.56B,1.58B,1.59B,1.61B,1.64B,1.67B,1.7B,1.72B,1.76B,1.8B,1.81B,1.87B,1.93B,2.09B,2.16B,2.31B,2.51B,2.6B,2.76B,2.85B,2.9B,2.95B,3.04B,3.2B,3.35B,3.4B,3.58B,3.73B,3.89B,3.97B,4.07B,4.15B,4.15B,4.13B
Suriname,3.55B,3.72B,3.87B,4.09B,4.35B,4.87B,5.81B,6.51B,7.01B,7.32B,7.52B,7.81B,7.77B,7.63B,7.66B,7.87B,8.56B,9.44B,10.1B,10B,9.12B,9.77B,9.36B,8.99B,8.82B,9B,9.07B,8.51B,9.17B,9.56B,9.13B,9.37B,9.41B,8.78B,9.08B,9.08B,9.17B,9.69B,9.91B,9.77B,9.98B,10.4B,10.7B,11.4B,12.3B,12.9B,13.6B,14.3B,14.9B,15.4B,16.2B,17.1B,17.6B,18.1B,18.1B,17.5B,16.7B,16.9B,17.8B,18B,15.1B,14.7B,15.1B,15.4B
Slovak Republic,,,,,,,,,,,,,,,,,,,,,,,,,,,,,,,39.9B,34.1B,31.8B,32.4B,34.4B,36.4B,38.9B,41.2B,42.8B,42.8B,43.3B,44.7B,46.7B,49.3B,51.9B,55.3B,60B,66.5B,70.2B,66.4B,70.9B,72.8B,73.7B,74.2B,76.2B,80.1B,81.7B,84.1B,87.5B,89.7B,86.7B,90.8B,92.5B,94B
Slovenia,,,,,,,,,,,,,,,,,,,,,,,,,,,,,,,24.5B,22.3B,21.1B,21.7B,22.9B,23.8B,24.6B,25.8B,26.7B,28.1B,29.1B,30B,31.1B,32B,33.4B,34.7B,36.7B,39.2B,40.6B,37.6B,38.1B,38.4B,37.4B,37B,38B,38.9B,40.1B,42B,43.9B,45.4B,43.5B,47.1B,48.3B,49B
Sweden,1.05TR,1.11TR,1.16TR,1.22TR,1.3TR,1.35TR,1.38TR,1.43TR,1.48TR,1.55TR,1.65TR,1.67TR,1.71TR,1.78TR,1.83TR,1.88TR,1.9TR,1.87TR,1.9TR,1.98TR,2.01TR,2.02TR,2.04TR,2.08TR,2.17TR,2.22TR,2.28TR,2.35TR,2.41TR,2.48TR,2.5TR,2.47TR,2.44TR,2.39TR,2.48TR,2.58TR,2.62TR,2.7TR,2.82TR,2.94TR,3.08TR,3.12TR,3.19TR,3.26TR,3.41TR,3.5TR,3.67TR,3.79TR,3.78TR,3.61TR,3.83TR,3.95TR,3.93TR,3.97TR,4.08TR,4.26TR,4.35TR,4.46TR,4.55TR,4.64TR,4.54TR,4.82TR,4.94TR,4.93TR
Eswatini,,,,,,,,,,,4.08B,4.64B,4.89B,5.33B,5.64B,6.42B,6.28B,6.35B,6.43B,6.63B,7.46B,8.55B,8.65B,8.75B,9.29B,9.64B,10.8B,12.4B,13.2B,14.9B,18.1B,18.4B,19B,19.6B,20B,21B,21.8B,22.5B,23.1B,23.8B,24.2B,24.4B,25.5B,26.5B,27.5B,29.1B,30.8B,32.2B,32.5B,33B,34.2B,35B,36.9B,38.3B,38.7B,39.5B,40B,40.8B,41.7B,42.9B,42.2B,46.7B,46.9B,49.2B
Sint Maarten (Dutch part),,,,,,,,,,,,,,,,,,,,,,,,,,,,,,,,,,,,,,,,,,,,,,,,,,2.3B,2.37B,2.48B,2.52B,2.55B,2.59B,2.59B,2.62B,2.42B,2.25B,2.5B,2.17B,2.27B,2.49B,2.57B
Seychelles,1.78B,1.69B,1.83B,2.02B,2.14B,2.12B,2.41B,2.42B,2.6B,2.6B,2.84B,3.29B,3.49B,3.81B,3.86B,3.98B,4.63B,4.34B,5.26B,6.09B,5.78B,5.56B,5.44B,5.41B,5.64B,6.22B,6.27B,6.58B,6.93B,7.64B,8.21B,8.43B,9.04B,9.7B,9.46B,9.51B,10.5B,11.7B,12B,12.2B,12.8B,12.5B,12.6B,11.9B,11.5B,12.6B,13.8B,15B,14.6B,14.2B,14.9B,16.3B,16.8B,17B,17.7B,19.3B,21.6B,23.1B,24.2B,25.6B,22.6B,22.7B,26.1B,26.9B
Syria,105B,117B,145B,133B,145B,148B,137B,148B,154B,183B,179B,195B,246B,220B,277B,322B,361B,355B,390B,394B,451B,486B,499B,511B,472B,516B,475B,483B,570B,492B,511B,550B,621B,659B,707B,756B,831B,872B,932B,899B,905B,914B,950B,1.02TR,1.09TR,1.16TR,1.22TR,1.28TR,1.34TR,1.42TR,1.49TR,1.54TR,1.13TR,835B,748B,717B,671B,666B,676B,684B,683B,692B,,
Turks and Caicos Islands,,,,,,,,,,,,,,,,,,,,,,,,,,,,,,,,,,,,,,,,,,,,,,,,,,,,734M,727M,735M,799M,889M,954M,930M,982M,1.03B,757M,826M,877M,887M
Chad,871B,884B,931B,916B,893B,899B,882B,889B,885B,946B,963B,942B,953B,873B,916B,999B,1.03TR,1.05TR,1.05TR,822B,772B,780B,822B,951B,971B,1.18TR,1.13TR,1.11TR,1.28TR,1.34TR,1.28TR,1.39TR,1.51TR,1.27TR,1.4TR,1.42TR,1.45TR,1.53TR,1.63TR,1.62TR,1.61TR,1.8TR,1.95TR,2.24TR,2.99TR,3.51TR,3.53TR,3.64TR,3.76TR,3.91TR,4.44TR,4.45TR,4.84TR,5.12TR,5.47TR,5.62TR,5.27TR,5.11TR,5.24TR,5.41TR,5.32TR,5.26TR,5.4TR,5.63TR
Togo,451B,506B,525B,551B,630B,727B,796B,839B,882B,977B,1TR,1TR,1.08TR,1.12TR,1.17TR,1.2TR,1.18TR,1.26TR,1.4TR,1.33TR,1.52TR,1.47TR,1.42TR,1.34TR,1.41TR,1.49TR,1.52TR,1.52TR,1.63TR,1.69TR,1.69TR,1.68TR,1.61TR,1.37TR,1.57TR,1.69TR,1.84TR,2.11TR,2.06TR,2.11TR,2.1TR,2.11TR,2.19TR,2.34TR,2.32TR,2.21TR,2.27TR,2.24TR,2.33TR,2.46TR,2.6TR,2.75TR,2.93TR,3.1TR,3.27TR,3.45TR,3.6TR,3.74TR,3.92TR,4.11TR,4.2TR,4.45TR,4.7TR,5.01TR
Thailand,377B,398B,428B,462B,494B,534B,593B,644B,697B,742B,827B,868B,905B,997B,1.04TR,1.09TR,1.2TR,1.31TR,1.45TR,1.53TR,1.61TR,1.7TR,1.79TR,1.89TR,2TR,2.09TR,2.21TR,2.42TR,2.74TR,3.07TR,3.42TR,3.71TR,4.01TR,4.34TR,4.69TR,5.07TR,5.36TR,5.21TR,4.81TR,5.03TR,5.25TR,5.44TR,5.77TR,6.18TR,6.57TR,6.85TR,7.19TR,7.58TR,7.71TR,7.66TR,8.23TR,8.3TR,8.9TR,9.14TR,9.23TR,9.52TR,9.85TR,10.3TR,10.7TR,10.9TR,10.3TR,10.4TR,10.7TR,10.9TR
Tajikistan,,,,,,,,,,,,,,,,,,,,,,,,,,4.33B,4.49B,4.43B,5.05B,4.72B,4.69B,4.36B,3.09B,2.59B,2.04B,1.78B,1.49B,1.51B,1.59B,1.65B,1.79B,1.96B,2.17B,2.41B,2.66B,2.83B,3.03B,3.27B,3.53B,3.66B,3.9B,4.19B,4.51B,4.84B,5.16B,5.47B,5.85B,6.27B,6.74B,7.24B,7.56B,8.27B,8.93B,9.68B
Turkmenistan,,,,,,,,,,,,,,,,,,,,,,,,,,,,12.3B,13.7B,13.1B,17.7B,16.9B,14.4B,14.6B,12.1B,11.2B,11.9B,10.6B,11.3B,13.2B,13.9B,14.5B,14.6B,15B,15.8B,17.9B,19.8B,22B,25.2B,26.8B,29.3B,33.6B,37.3B,41.1B,45.3B,48.3B,51.2B,54.6B,58B,61.6B,65.3B,69.3B,73.6B,78.2B
Timor-Leste,,,,,,,,,,,,,,,,,,,,,,,,,,,,,,,481M,533M,589M,649M,695M,742M,801M,833M,816M,527M,833M,969M,904M,884M,888M,914M,877M,967M,1.08B,1.19B,1.3B,1.37B,1.44B,1.49B,1.55B,1.6B,1.65B,1.6B,1.59B,1.96B,2.58B,2.72B,2.16B,1.85B
Tonga,,,,,,,,,,,,,,,,,,,,,,470M,492M,502M,511M,544M,556M,572M,562M,564M,552M,588M,589M,611M,641M,689M,701M,710M,727M,754M,761M,789M,828M,847M,826M,827M,826M,828M,867M,822M,829M,885M,893M,895M,914M,924M,985M,1.02B,1.02B,1.03B,1.03B,1B,985M,
Trinidad and Tobago,25.2B,28.7B,29.5B,31.1B,33.5B,33.7B,35.1B,35.8B,37.7B,38.7B,40.1B,40.5B,42.8B,43.6B,45.2B,45.9B,48.8B,53.3B,58.6B,60.7B,67B,70.1B,72.8B,65.3B,61.5B,59B,57B,54.4B,52.3B,51.9B,52.7B,54.3B,59.8B,59.4B,61.5B,63.8B,68.4B,73.5B,79.5B,85.9B,91.8B,95.6B,103B,118B,128B,135B,153B,161B,166B,159B,164B,164B,176B,182B,189B,188B,173B,165B,164B,165B,150B,148B,150B,154B
Tunisia,,12B,11.5B,10.3B,9.77B,9.53B,9.86B,9.87B,10.9B,11.4B,12B,13.2B,15.6B,15.5B,16.7B,17.9B,19.3B,20B,21.3B,22.6B,24.3B,25.7B,25.5B,26.7B,28.3B,29.9B,29.4B,31.4B,31.4B,32B,34.5B,35.9B,38.7B,39.5B,40.8B,41.7B,44.7B,47.2B,49.4B,52.4B,54.9B,57B,57.7B,60.4B,64.2B,66.4B,69.9B,74.6B,77.8B,80.1B,82.5B,80.8B,84.2B,86.3B,88.9B,89.8B,90.8B,92.8B,95.3B,96.8B,88.5B,92.5B,95B,95.4B
Turkey,122B,124B,131B,143B,150B,155B,172B,180B,192B,200B,207B,218B,234B,242B,256B,274B,303B,313B,318B,316B,308B,323B,334B,351B,375B,390B,418B,458B,468B,469B,513B,517B,543B,584B,557B,601B,645B,694B,711B,688B,735B,693B,738B,780B,857B,934B,998B,1.05TR,1.06TR,1.01TR,1.09TR,1.21TR,1.27TR,1.38TR,1.45TR,1.54TR,1.59TR,1.71TR,1.76TR,1.77TR,1.8TR,2.01TR,2.12TR,2.22TR
Tuvalu,,,,,,,,,,,19.9M,19.5M,19.2M,18.8M,18.5M,18.2M,18M,17.4M,17M,17M,16.9M,17.3M,14.5M,15.8M,17M,16.7M,20.5M,23M,27.4M,26.9M,31M,32.2M,33.1M,34.4M,38M,36.1M,33.9M,37.3M,43.1M,42.4M,42M,42M,46M,44M,43M,41M,42M,45M,48M,45M,44M,47M,46M,48M,48M,53M,56M,57.4M,58.2M,66.2M,63.4M,64.5M,65M,67.5M
Tanzania,16TR,16.2TR,17.6TR,18.8TR,19.8TR,20.7TR,23.1TR,24.3TR,25.9TR,26.7TR,14.3TR,14.9TR,15.9TR,16.9TR,17.3TR,17.9TR,18.5TR,18.6TR,18.9TR,19.4TR,19.9TR,19.7TR,19.7TR,19.6TR,20.5TR,20.8TR,21.9TR,23TR,24.6TR,25.6TR,27.4TR,27.9TR,28.1TR,28.4TR,28.9TR,29.9TR,31.3TR,32.4TR,33.6TR,35.2TR,36.8TR,39TR,41.8TR,44.6TR,47.9TR,51.5TR,54.9TR,58.6TR,61.9TR,65.2TR,69.3TR,74.6TR,78TR,83.3TR,88.9TR,94.3TR,101TR,108TR,114TR,120TR,123TR,128TR,134TR,141TR
Uganda,,,,,,,,,,,,,,,,,,,,,,,15.5TR,16.3TR,16.3TR,15.7TR,15.8TR,16.4TR,17.8TR,18.9TR,20.1TR,21.3TR,22TR,23.8TR,25.4TR,28.3TR,30.8TR,32.4TR,34TR,36.7TR,37.9TR,39.9TR,43.3TR,46.1TR,49.3TR,52.4TR,58.1TR,62.9TR,68.4TR,73.1TR,77.2TR,84.4TR,87.7TR,90.8TR,95.5TR,100TR,105TR,109TR,115TR,123TR,126TR,131TR,137TR,144TR
Ukraine,,,,,,,,,,,,,,,,,,,,,,,,,,,,4.14TR,4.25TR,4.41TR,4.13TR,3.77TR,3.4TR,2.92TR,2.25TR,1.97TR,1.78TR,1.72TR,1.69TR,1.69TR,1.79TR,1.94TR,2.05TR,2.24TR,2.51TR,2.58TR,2.78TR,3.01TR,3.08TR,2.61TR,2.72TR,2.86TR,2.87TR,2.87TR,2.58TR,2.33TR,2.39TR,2.44TR,2.53TR,2.61TR,2.51TR,2.6TR,1.85TR,1.95TR
Uruguay,496B,508B,500B,501B,514B,519B,535B,515B,525B,556B,569B,567B,560B,561B,578B,613B,637B,646B,681B,723B,765B,777B,702B,629B,622B,631B,687B,742B,753B,761B,763B,791B,853B,876B,940B,926B,978B,1.06TR,1.11TR,1.09TR,1.07TR,1.03TR,950B,958B,1.01TR,1.08TR,1.13TR,1.2TR,1.29TR,1.34TR,1.44TR,1.52TR,1.57TR,1.65TR,1.7TR,1.7TR,1.73TR,1.76TR,1.77TR,1.78TR,1.65TR,1.74TR,1.83TR,1.83TR
USA,3.43TR,3.51TR,3.72TR,3.89TR,4.11TR,4.38TR,4.66TR,4.78TR,5.01TR,5.16TR,5.17TR,5.34TR,5.62TR,5.94TR,5.91TR,5.9TR,6.22TR,6.5TR,6.86TR,7.08TR,7.06TR,7.24TR,7.11TR,7.44TR,7.98TR,8.31TR,8.6TR,8.89TR,9.26TR,9.6TR,9.79TR,9.77TR,10.1TR,10.4TR,10.8TR,11.1TR,11.5TR,12TR,12.6TR,13.2TR,13.7TR,13.8TR,14.1TR,14.5TR,15TR,15.6TR,16TR,16.3TR,16.3TR,15.9TR,16.3TR,16.6TR,17TR,17.3TR,17.8TR,18.3TR,18.6TR,19.1TR,19.7TR,20.1TR,19.7TR,20.8TR,21.2TR,21.8TR
Uzbekistan,,,,,,,,,,,,,,,,,,,,,,,,,,,,36.4TR,39.8TR,41TR,41.6TR,41.4TR,36.8TR,35.9TR,34.1TR,33.8TR,34.3TR,36.1TR,37.7TR,39.3TR,40.8TR,42.5TR,44.2TR,46.1TR,49.5TR,52.9TR,56.9TR,62.3TR,67.9TR,73.4TR,78.9TR,84.9TR,90.9TR,97.5TR,104TR,112TR,118TR,124TR,131TR,139TR,141TR,152TR,161TR,170TR
St. Vincent and the Grenadines,443M,463M,480M,450M,467M,471M,471M,426M,454M,467M,517M,532M,670M,596M,543M,502M,554M,627M,688M,712M,729M,763M,797M,814M,868M,921M,973M,977M,1.11B,1.13B,1.18B,1.19B,1.27B,1.32B,1.3B,1.41B,1.42B,1.47B,1.53B,1.58B,1.6B,1.63B,1.72B,1.83B,1.91B,1.95B,2.09B,2.16B,2.17B,2.14B,2.04B,2.03B,2.05B,2.1B,2.13B,2.19B,2.28B,2.31B,2.39B,2.4B,2.31B,2.33B,2.5B,2.65B
Venezuela,14.4B,14.9B,16.1B,16.8B,18.6B,19.4B,19.7B,20.2B,21.7B,21.9B,23.6B,23.9B,24.2B,25.9B,26.5B,27.2B,29.4B,31.2B,31.9B,32.2B,30.7B,30.6B,30B,28.9B,29.3B,29.3B,31.3B,32.4B,34.3B,31.3B,33.4B,36.6B,38.8B,38.9B,38B,39.5B,39.4B,41.9B,42.1B,39.6B,41B,42.4B,38.7B,35.7B,42.2B,46.5B,51.1B,55.6B,58.5B,56.7B,55.8B,58.1B,61.4B,62.2B,59.8B,,,,,,,,,
Virgin Islands (U.S.),,,,,,,,,,,,,,,,,,,,,,,,,,,,,,,,,,,,,,,,,,,4.8B,4.78B,4.93B,5.11B,5.29B,5.5B,5.57B,5.2B,5.23B,4.8B,4.09B,3.83B,3.76B,3.75B,3.81B,3.78B,3.85B,3.96B,3.89B,4B,,
Vietnam,,,,,,,,,,,,,,,,,,,,,,,,,531TR,551TR,567TR,587TR,617TR,662TR,696TR,738TR,801TR,866TR,943TR,1.03P,1.13P,1.22P,1.29P,1.35P,1.45P,1.53P,1.63P,1.74P,1.88P,2.02P,2.16P,2.31P,2.44P,2.57P,2.74P,2.92P,3.08P,3.25P,3.46P,3.70P,3.94P,4.22P,4.53P,4.87P,5.01P,5.13P,5.55P,5.83P
Vanuatu,,,,,,,,,,,,,,,,,,,,27.2B,24.1B,25.2B,25.7B,26.4B,29B,29.2B,29.2B,28.4B,27.9B,28.3B,31.6B,32.6B,33.4B,33.7B,36.8B,37.1B,38B,39.9B,40.3B,40.5B,42.9B,41.4B,39.2B,40.9B,42.6B,44.8B,48.6B,50B,52.8B,54.4B,55.1B,56.8B,57.4B,57.7B,59.5B,59.7B,62.5B,66.4B,68.4B,70.6B,67.1B,66B,67.3B,68.8B
Samoa,,,,,,,,,,,797M,904M,919M,986M,880M,847M,926M,919M,976M,1.08B,1.02B,924M,915M,919M,931M,967M,1.02B,1.03B,1.01B,1.05B,1B,979M,977M,1.02B,991M,1.06B,1.13B,1.14B,1.17B,1.19B,1.25B,1.34B,1.42B,1.49B,1.54B,1.64B,1.68B,1.69B,1.75B,1.74B,1.84B,1.91B,1.84B,1.84B,1.86B,1.93B,2.08B,2.11B,2.1B,2.19B,2.12B,1.97B,1.87B,2.02B
Yemen,,,,,,,,,,,,,,,,,,,,,,,,,,,,,,,148B,157B,170B,177B,189B,200B,209B,220B,233B,242B,257B,266B,277B,287B,299B,315B,325B,336B,349B,362B,390B,340B,349B,365B,365B,263B,238B,226B,228B,,,,,
South Africa,837B,869B,923B,991B,1.07TR,1.14TR,1.19TR,1.27TR,1.32TR,1.39TR,1.46TR,1.52TR,1.55TR,1.62TR,1.72TR,1.75TR,1.78TR,1.78TR,1.84TR,1.91TR,2.03TR,2.14TR,2.13TR,2.09TR,2.2TR,2.17TR,2.17TR,2.22TR,2.31TR,2.37TR,2.36TR,2.34TR,2.29TR,2.32TR,2.39TR,2.46TR,2.57TR,2.64TR,2.65TR,2.71TR,2.83TR,2.9TR,3.01TR,3.1TR,3.24TR,3.41TR,3.6TR,3.8TR,3.92TR,3.86TR,3.97TR,4.1TR,4.2TR,4.3TR,4.36TR,4.42TR,4.45TR,4.5TR,4.57TR,4.58TR,4.31TR,4.51TR,4.6TR,4.63TR
Zambia,22B,22.3B,21.8B,22.5B,25.2B,29.4B,27.8B,30B,30.4B,30.2B,31.7B,31.7B,34.6B,34.2B,36.4B,35.6B,37.8B,36.1B,36.3B,35.2B,36.3B,38.5B,37.4B,36.7B,36.6B,37.2B,37.4B,38.4B,40.9B,40.4B,40.2B,40.2B,39.5B,42.2B,38.6B,39.7B,42.2B,43.8B,43.6B,45.6B,47.4B,49.9B,52.2B,55.8B,59.7B,64B,69.1B,74.9B,80.7B,88.1B,97.2B,103B,110B,116B,121B,125B,130B,134B,140B,142B,138B,146B,154B,163B
Zimbabwe,44.5B,47.4B,48B,51B,50.5B,53B,53.8B,58.3B,59.4B,66.8B,81.9B,89.2B,96.6B,99.1B,106B,104B,104B,97B,94.3B,97.4B,112B,125B,129B,131B,128B,137B,140B,142B,152B,160B,172B,181B,165B,166B,182B,182B,201B,206B,212B,211B,204B,207B,189B,157B,148B,139B,134B,129B,107B,119B,145B,166B,192B,198B,201B,205B,207B,216B,227B,212B,196B,212B,226B,237B
